id	category	verdict
MH2-022	멀티홉	accepted
MH2-024	멀티홉	accepted
MH2-046	멀티홉	accepted
MH2-012	멀티홉	accepted
MH2-016	멀티홉	accepted
MH2-099	멀티홉	accepted
MH2-072	멀티홉	accepted
MH2-094	멀티홉	accepted
MH3-067	멀티홉	accepted
MH3-003	멀티홉	accepted
MH3-079	멀티홉	accepted
MH3-032	멀티홉	accepted
MH3-066	멀티홉	accepted
MH3-048	멀티홉	accepted
MH3-054	멀티홉	accepted
MH5-072	멀티홉	accepted
MH5-039	멀티홉	accepted
MH5-023	멀티홉	accepted
MH5-006	멀티홉	accepted
MH5-100	멀티홉	accepted
MH5-004	멀티홉	accepted
MH5-096	멀티홉	accepted
MH5-078	멀티홉	accepted
MH7-045	멀티홉	accepted
MH7-020	멀티홉	accepted
MH7-055	멀티홉	accepted
MH7-043	멀티홉	accepted
MH7-069	멀티홉	accepted
MH7-037	멀티홉	accepted
MH7-077	멀티홉	accepted
MH2-057	멀티홉	accepted
MH2-075	멀티홉	accepted
MH3-097	멀티홉	accepted
MH3-038	멀티홉	accepted
MH3-088	멀티홉	accepted
MH5-060	멀티홉	accepted
MH5-019	멀티홉	accepted
MH5-056	멀티홉	accepted
MH7-031	멀티홉	accepted
MH7-080	멀티홉	accepted
TR-088a	시간추론	accepted
TR-088b	시간추론	accepted
TR-089a	시간추론	accepted
TR-089b	시간추론	accepted
TR-032a	시간추론	accepted
TR-032b	시간추론	accepted
TR-007a	시간추론	accepted
TR-007b	시간추론	accepted
TR-009a	시간추론	accepted
TR-009b	시간추론	accepted
TR-011a	시간추론	accepted
TR-011b	시간추론	accepted
TR-074a	시간추론	accepted
TR-074b	시간추론	accepted
TR-121a	시간추론	accepted
TR-121b	시간추론	accepted
TR-105a	시간추론	accepted
TR-105b	시간추론	accepted
TR-006a	시간추론	accepted
TR-006b	시간추론	accepted
TR-098a	시간추론	accepted
TR-098b	시간추론	accepted
TR-133a	시간추론	accepted
TR-133b	시간추론	accepted
TR-075a	시간추론	accepted
TR-075b	시간추론	accepted
TR-119a	시간추론	accepted
TR-119b	시간추론	accepted
TR-038a	시간추론	accepted
TR-038b	시간추론	accepted
PJ-073a	인물판정	accepted
PJ-073b	인물판정	accepted
PJ-007a	인물판정	accepted
PJ-007b	인물판정	accepted
PJ-061a	인물판정	accepted
PJ-061b	인물판정	accepted
PJ-042a	인물판정	accepted
PJ-042b	인물판정	accepted
PJ-012a	인물판정	accepted
PJ-012b	인물판정	accepted
PJ-082a	인물판정	accepted
PJ-082b	인물판정	accepted
PJ-129a	인물판정	accepted
PJ-129b	인물판정	accepted
PJ-130a	인물판정	accepted
PJ-130b	인물판정	accepted
PJ-144a	인물판정	accepted
PJ-144b	인물판정	accepted
PJ-086a	인물판정	accepted
PJ-086b	인물판정	accepted
PJ-049a	인물판정	accepted
PJ-049b	인물판정	accepted
PJ-067a	인물판정	accepted
PJ-067b	인물판정	accepted
PJ-038a	인물판정	accepted
PJ-038b	인물판정	accepted
PJ-135a	인물판정	accepted
PJ-135b	인물판정	accepted
PJ-094a	인물판정	accepted
PJ-094b	인물판정	accepted
