pair	sub	name_a	name_b
PJ-001	같은 사람	이비(李裶)	경녕군
PJ-002	같은 사람	이비(李裶)	경녕군
PJ-003	같은 사람	야은	길재
PJ-004	같은 사람	금오산인	길재
PJ-005	같은 사람	의령부원군	남재
PJ-006	같은 사람	충경공	남재
PJ-007	같은 사람	맹가첩목아	동맹가첩목아
PJ-008	같은 사람	건주좌위 지휘사	동맹가첩목아
PJ-009	같은 사람	원자	이향
PJ-010	같은 사람	왕세자	이향
PJ-011	같은 사람	창녕부원군	성석린
PJ-012	같은 사람	독곡수	성석린
PJ-013	같은 사람	주상	세종
PJ-014	같은 사람	충녕	이도
PJ-015	같은 사람	공비	소헌왕후
PJ-016	같은 사람	공비	중궁
PJ-017	같은 사람	이제(李褆)	양녕대군
PJ-018	같은 사람	이제(李褆)	양녕
PJ-019	같은 사람	곡산군	연사종
PJ-020	같은 사람	곡산군	연사종
PJ-021	같은 사람	태후	원경왕후
PJ-022	같은 사람	원경왕태후	대비
PJ-023	같은 사람	柳寬	柳觀
PJ-024	같은 사람	柳寬	柳觀
PJ-025	같은 사람	상선감 좌소감	윤봉
PJ-026	같은 사람	윤 대인	윤봉
PJ-027	같은 사람	회안대군	이방간
PJ-028	같은 사람	회안	이방간
PJ-029	같은 사람	장천군	이종무
PJ-030	같은 사람	장천군	이종무
PJ-031	같은 사람	성산부원군	이직
PJ-032	같은 사람	성산부원군	이직
PJ-033	같은 사람	노상왕	인덕궁
PJ-034	같은 사람	노상왕	공정대왕
PJ-035	같은 사람	한평군	조연
PJ-036	같은 사람	한평부원군	조연
PJ-037	같은 사람	선부	종정무
PJ-038	같은 사람	수호공	종정무
PJ-039	같은 사람	종도도웅와	종정성
PJ-040	같은 사람	도도웅와	종정성
PJ-041	같은 사람	대마도 도만호	좌위문대랑
PJ-042	같은 사람	대마도 도만호	좌위문대랑
PJ-043	같은 사람	최원	최이
PJ-044	같은 사람	최원	최이
PJ-045	같은 사람	상왕	이방원
PJ-046	같은 사람	상왕	태종
PJ-047	같은 사람	평 장군	평도전
PJ-048	같은 사람	평 장군	평도전
PJ-049	같은 사람	서원부원군	한상경
PJ-050	같은 사람	신재	한상경
PJ-051	같은 사람	광록시 소경	한확
PJ-052	같은 사람	광록시 소경	한확
PJ-053	같은 사람	효령군	이보
PJ-054	같은 사람	효령	효령대군
PJ-055	같은 사람	왕세자빈	휘빈
PJ-056	같은 사람	세자빈	휘빈
PJ-057	같은 사람	원 참의	원숙
PJ-058	같은 사람	지여연군사	이안길
PJ-059	같은 사람	우의정	이원
PJ-060	같은 사람	창원군	성석린
PJ-061	같은 사람	김도련(金道鍊)	김도련(金道練)
PJ-062	같은 사람	김점(金點)	김점(金漸)
PJ-063	같은 사람	박안신(朴安信)	박안신(朴安臣)
PJ-064	같은 사람	최윤덕(崔潤德)	최윤덕(崔閏德)
PJ-065	같은 사람	유영(柳頴)	유영(柳穎)
PJ-066	같은 사람	김타(金它)	김타(金沱)
PJ-067	같은 사람	성엄(成渰)	성엄(成揜)
PJ-068	같은 사람	박고(朴翶)	박고(朴翺)
PJ-069	같은 사람	충경공	남재
PJ-070	같은 사람	야은	길재
PJ-071	같은 사람	이비(李裶)	경녕군
PJ-072	같은 사람	원자	이향
PJ-073	같은 사람	효령군	이보
PJ-074	같은 사람	건주좌위 도지휘사	동맹가첩목아
PJ-075	같은 사람	장천부원군	이종무
PJ-076	다른 사람	이비(李裶)	이인(李裀)
PJ-077	다른 사람	효령대군	양녕대군
PJ-078	다른 사람	이제(李濟)	이제(李褆)
PJ-079	다른 사람	이원생	이군생
PJ-080	다른 사람	이원	이직
PJ-081	다른 사람	남은	남재
PJ-082	다른 사람	성억	성엄
PJ-083	다른 사람	성억	성엄
PJ-084	다른 사람	허지	허조
PJ-085	다른 사람	허해	허지
PJ-086	다른 사람	김맹성	맹사성
PJ-087	다른 사람	이맹균	맹사성
PJ-088	다른 사람	이맹균	김맹성
PJ-089	다른 사람	이지실	이지강
PJ-090	다른 사람	유영	유관
PJ-091	다른 사람	서진	서선
PJ-092	다른 사람	서선	서달
PJ-093	다른 사람	박광연	박관
PJ-094	다른 사람	김익생	김익정
PJ-095	다른 사람	김자갱	김자
PJ-096	다른 사람	이징석	이징
PJ-097	다른 사람	심정	심온
PJ-098	다른 사람	심정	심온
PJ-099	다른 사람	심징	심정
PJ-100	다른 사람	원윤(元胤)	원숙(元肅)
PJ-101	다른 사람	조종생	조말생
PJ-102	다른 사람	신장	신상
PJ-103	다른 사람	신호	신장
PJ-104	다른 사람	박습	박은
PJ-105	다른 사람	이종선	이종무
PJ-106	다른 사람	정진(鄭津)	정연(鄭淵)
PJ-107	다른 사람	정초(鄭招)	정진(鄭津)
PJ-108	다른 사람	유장	유영
PJ-109	다른 사람	하경리	하경복
PJ-110	다른 사람	김자지	김여지
PJ-111	다른 사람	강상례	강상신
PJ-112	다른 사람	강상려	강상망
PJ-113	다른 사람	박의보	박의손
PJ-114	다른 사람	이각(李慤)	이관(李灌)
PJ-115	다른 사람	최관	최부
PJ-116	다른 사람	최운(崔沄)	최견(崔蠲)
PJ-117	다른 사람	정초	정연
PJ-118	다른 사람	성개	성엄
PJ-119	다른 사람	신개	신상
PJ-120	다른 사람	황상	황희
PJ-121	다른 사람	권담	권근
PJ-122	다른 사람	정연	정역
PJ-123	다른 사람	이천	이발
PJ-124	다른 사람	이백온	이백강
PJ-125	다른 사람	허성	허조
PJ-126	다른 사람	조치	조비형
PJ-127	다른 사람	안숭선	안순
PJ-128	다른 사람	이순몽	이종무
PJ-129	다른 사람	원민생	원숙
PJ-130	다른 사람	심인봉	심징
PJ-131	다른 사람	이의생	이군생
PJ-132	다른 사람	이덕명	이명덕
PJ-133	다른 사람	박고	박관
PJ-134	다른 사람	공녕군	경녕군
PJ-135	다른 사람	성녕대군	양녕대군
PJ-136	다른 사람	김월하	장월하
PJ-137	다른 사람	조견	조연
PJ-138	다른 사람	박자청	박은
PJ-139	다른 사람	박신(朴信)	박은(朴訔)
PJ-140	다른 사람	유관	유정현
PJ-141	다른 사람	정흠지	정초
PJ-142	다른 사람	안수산	안순
PJ-143	다른 사람	황보인	황희
PJ-144	다른 사람	종정무	종정성
PJ-145	다른 사람	김자이	김자지
PJ-146	다른 사람	공비	대비
PJ-147	다른 사람	노상왕	태상왕
PJ-148	다른 사람	조치(曺致)	조치(趙菑)
PJ-149	다른 사람	박실	박실
PJ-150	다른 사람	박신(朴晨)	박신(朴信)
