id	anchor_article	target_article	anchor_key(year,month,intercalary)	target_key	immediately_preceding_corpus_month
TR-084a	06-03-18[03]	06-02-13[06]	(6, 3, 0)	(6, 2, 0)	True
TR-086a	06-08-26[04]	06-07-25[05]	(6, 8, 0)	(6, 7, 0)	True
TR-088a	01-05-22[01]	01-04-09[02]	(1, 5, 0)	(1, 4, 0)	True
TR-089a	05-05-11[02]	05-04-28[03]	(5, 5, 0)	(5, 4, 0)	True
TR-096a	09-05-17[02]	09-04-24[06]	(9, 5, 0)	(9, 4, 0)	True
TR-110a	09-06-17[05]	09-05-21[06]	(9, 6, 0)	(9, 5, 0)	True
TR-111a	09-07-11[04]	09-06-22[03]	(9, 7, 0)	(9, 6, 0)	True
TR-112a	01-12-12[02]	01-11-28[02]	(1, 12, 0)	(1, 11, 0)	True
TR-114a	03-10-19[01]	03-09-05[02]	(3, 10, 0)	(3, 9, 0)	True
TR-116a	01-06-14[04]	01-05-24[03]	(1, 6, 0)	(1, 5, 0)	True
TR-117a	08-06-19[03]	08-05-20[02]	(8, 6, 0)	(8, 5, 0)	True
TR-118a	04-10-19[01]	04-09-24[02]	(4, 10, 0)	(4, 9, 0)	True
TR-137a	04-08-18[02]	04-07-26[01]	(4, 8, 0)	(4, 7, 0)	True
TR-138a	01-09-12[03]	01-08-22[04]	(1, 9, 0)	(1, 8, 0)	True
TR-139a	01-02-04[02]	01-01-27[06]	(1, 2, 0)	(1, 1, 0)	True
TR-140a	01-07-03[02]	01-06-29[03]	(1, 7, 0)	(1, 6, 0)	True
TR-143a	01-09-18[02]	01-08-12[06]	(1, 9, 0)	(1, 8, 0)	True
TR-144a	07-02-18[03]	07-01-17[05]	(7, 2, 0)	(7, 1, 0)	True
TR-150a	08-06-26[01]	08-05-25[04]	(8, 6, 0)	(8, 5, 0)	True
