id	group	answer_string_in_context	basic_em
PJ-001a	인물판정	True	0.0
PJ-001b	인물판정	True	0.0
PJ-002a	인물판정	True	1.0
PJ-002b	인물판정	False	0.0
PJ-003a	인물판정	False	0.0
PJ-003b	인물판정	False	0.0
PJ-004a	인물판정	False	0.0
PJ-004b	인물판정	True	1.0
PJ-005a	인물판정	False	0.0
PJ-005b	인물판정	True	1.0
PJ-006a	인물판정	True	0.0
PJ-006b	인물판정	True	0.0
PJ-007a	인물판정	False	0.0
PJ-007b	인물판정	False	0.0
PJ-008a	인물판정	False	0.0
PJ-008b	인물판정	True	1.0
PJ-009a	인물판정	True	1.0
PJ-009b	인물판정	True	1.0
PJ-010a	인물판정	False	0.0
PJ-010b	인물판정	False	0.0
PJ-011a	인물판정	False	0.0
PJ-011b	인물판정	True	1.0
PJ-012a	인물판정	False	0.0
PJ-012b	인물판정	False	0.0
PJ-013a	인물판정	True	1.0
PJ-013b	인물판정	True	1.0
PJ-014a	인물판정	False	0.0
PJ-014b	인물판정	True	1.0
PJ-015a	인물판정	True	1.0
PJ-015b	인물판정	True	1.0
PJ-016a	인물판정	False	0.0
PJ-016b	인물판정	False	0.0
PJ-017a	인물판정	False	0.0
PJ-017b	인물판정	False	0.0
PJ-018a	인물판정	False	0.0
PJ-018b	인물판정	False	0.0
PJ-019a	인물판정	True	0.0
PJ-019b	인물판정	True	1.0
PJ-020a	인물판정	True	0.0
PJ-020b	인물판정	True	0.0
PJ-021a	인물판정	False	0.0
PJ-021b	인물판정	False	0.0
PJ-022a	인물판정	True	1.0
PJ-022b	인물판정	False	0.0
PJ-023a	인물판정	False	0.0
PJ-023b	인물판정	False	0.0
PJ-024a	인물판정	True	1.0
PJ-024b	인물판정	True	1.0
PJ-025a	인물판정	True	0.0
PJ-025b	인물판정	False	0.0
PJ-026a	인물판정	True	1.0
PJ-026b	인물판정	True	1.0
PJ-027a	인물판정	False	0.0
PJ-027b	인물판정	True	1.0
PJ-028a	인물판정	False	0.0
PJ-028b	인물판정	False	0.0
PJ-029a	인물판정	True	1.0
PJ-029b	인물판정	True	1.0
PJ-030a	인물판정	False	0.0
PJ-030b	인물판정	False	0.0
PJ-031a	인물판정	False	0.0
PJ-031b	인물판정	True	1.0
PJ-032a	인물판정	False	0.0
PJ-032b	인물판정	False	0.0
PJ-033a	인물판정	True	1.0
PJ-033b	인물판정	True	1.0
PJ-034a	인물판정	False	0.0
PJ-034b	인물판정	False	0.0
PJ-035a	인물판정	False	0.0
PJ-035b	인물판정	False	0.0
PJ-036a	인물판정	True	1.0
PJ-036b	인물판정	False	0.0
PJ-037a	인물판정	True	1.0
PJ-037b	인물판정	True	1.0
PJ-038a	인물판정	False	0.0
PJ-038b	인물판정	True	1.0
PJ-039a	인물판정	True	0.0
PJ-039b	인물판정	True	0.0
PJ-040a	인물판정	True	1.0
PJ-040b	인물판정	False	0.0
PJ-041a	인물판정	True	0.0
PJ-041b	인물판정	True	0.0
PJ-042a	인물판정	True	1.0
PJ-042b	인물판정	True	1.0
PJ-043a	인물판정	False	0.0
PJ-043b	인물판정	False	0.0
PJ-044a	인물판정	False	0.0
PJ-044b	인물판정	False	0.0
PJ-045a	인물판정	True	1.0
PJ-045b	인물판정	False	0.0
PJ-046a	인물판정	False	0.0
PJ-046b	인물판정	False	0.0
PJ-047a	인물판정	True	1.0
PJ-047b	인물판정	True	1.0
PJ-048a	인물판정	False	0.0
PJ-048b	인물판정	False	0.0
PJ-049a	인물판정	False	0.0
PJ-049b	인물판정	False	0.0
PJ-050a	인물판정	False	0.0
PJ-050b	인물판정	True	1.0
PJ-051a	인물판정	True	0.0
PJ-051b	인물판정	True	1.0
PJ-052a	인물판정	True	1.0
PJ-052b	인물판정	True	1.0
PJ-053a	인물판정	False	0.0
PJ-053b	인물판정	False	0.0
PJ-054a	인물판정	False	0.0
PJ-054b	인물판정	False	0.0
PJ-055a	인물판정	True	1.0
PJ-055b	인물판정	False	0.0
PJ-056a	인물판정	False	0.0
PJ-056b	인물판정	False	0.0
PJ-057a	인물판정	True	0.0
PJ-057b	인물판정	True	0.0
PJ-058a	인물판정	True	1.0
PJ-058b	인물판정	True	1.0
PJ-059a	인물판정	False	0.0
PJ-059b	인물판정	False	0.0
PJ-060a	인물판정	True	0.0
PJ-060b	인물판정	False	0.0
PJ-061a	인물판정	True	1.0
PJ-061b	인물판정	True	1.0
PJ-062a	인물판정	True	1.0
PJ-062b	인물판정	False	0.0
PJ-063a	인물판정	True	1.0
PJ-063b	인물판정	True	1.0
PJ-064a	인물판정	True	0.0
PJ-064b	인물판정	True	1.0
PJ-065a	인물판정	False	0.0
PJ-065b	인물판정	False	0.0
PJ-066a	인물판정	True	0.0
PJ-066b	인물판정	True	0.0
PJ-067a	인물판정	False	0.0
PJ-067b	인물판정	True	0.0
PJ-068a	인물판정	False	0.0
PJ-068b	인물판정	False	0.0
PJ-069a	인물판정	False	0.0
PJ-069b	인물판정	False	0.0
PJ-070a	인물판정	False	0.0
PJ-070b	인물판정	False	0.0
PJ-071a	인물판정	False	0.0
PJ-071b	인물판정	False	0.0
PJ-072a	인물판정	False	0.0
PJ-072b	인물판정	False	0.0
PJ-073a	인물판정	False	0.0
PJ-073b	인물판정	True	0.0
PJ-074a	인물판정	False	0.0
PJ-074b	인물판정	False	0.0
PJ-075a	인물판정	False	0.0
PJ-075b	인물판정	False	0.0
PJ-076a	인물판정	True	1.0
PJ-076b	인물판정	True	1.0
PJ-077a	인물판정	True	1.0
PJ-077b	인물판정	True	0.0
PJ-078a	인물판정	False	0.0
PJ-078b	인물판정	True	1.0
PJ-079a	인물판정	False	0.0
PJ-079b	인물판정	False	0.0
PJ-080a	인물판정	False	0.0
PJ-080b	인물판정	False	0.0
PJ-081a	인물판정	False	0.0
PJ-081b	인물판정	False	0.0
PJ-082a	인물판정	False	0.0
PJ-082b	인물판정	False	0.0
PJ-083a	인물판정	False	0.0
PJ-083b	인물판정	False	0.0
PJ-084a	인물판정	False	0.0
PJ-084b	인물판정	False	0.0
PJ-085a	인물판정	False	0.0
PJ-085b	인물판정	True	0.0
PJ-086a	인물판정	True	1.0
PJ-086b	인물판정	True	1.0
PJ-087a	인물판정	True	0.0
PJ-087b	인물판정	True	1.0
PJ-088a	인물판정	True	1.0
PJ-088b	인물판정	True	0.0
PJ-089a	인물판정	True	0.0
PJ-089b	인물판정	True	0.0
PJ-090a	인물판정	True	1.0
PJ-090b	인물판정	True	1.0
PJ-091a	인물판정	True	1.0
PJ-091b	인물판정	True	0.0
PJ-092a	인물판정	False	0.0
PJ-092b	인물판정	False	0.0
PJ-093a	인물판정	True	1.0
PJ-093b	인물판정	True	0.0
PJ-094a	인물판정	False	0.0
PJ-094b	인물판정	False	0.0
PJ-095a	인물판정	False	0.0
PJ-095b	인물판정	False	0.0
PJ-096a	인물판정	True	0.0
PJ-096b	인물판정	True	1.0
PJ-097a	인물판정	False	0.0
PJ-097b	인물판정	True	0.0
PJ-098a	인물판정	True	0.0
PJ-098b	인물판정	True	1.0
PJ-099a	인물판정	False	0.0
PJ-099b	인물판정	False	0.0
PJ-100a	인물판정	False	0.0
PJ-100b	인물판정	False	0.0
PJ-101a	인물판정	False	0.0
PJ-101b	인물판정	True	1.0
PJ-102a	인물판정	False	0.0
PJ-102b	인물판정	False	0.0
PJ-103a	인물판정	True	0.0
PJ-103b	인물판정	False	0.0
PJ-104a	인물판정	True	1.0
PJ-104b	인물판정	True	1.0
PJ-105a	인물판정	False	0.0
PJ-105b	인물판정	False	0.0
PJ-106a	인물판정	True	0.0
PJ-106b	인물판정	False	0.0
PJ-107a	인물판정	False	0.0
PJ-107b	인물판정	False	0.0
PJ-108a	인물판정	True	1.0
PJ-108b	인물판정	False	0.0
PJ-109a	인물판정	False	0.0
PJ-109b	인물판정	False	0.0
PJ-110a	인물판정	False	0.0
PJ-110b	인물판정	True	0.0
PJ-111a	인물판정	False	0.0
PJ-111b	인물판정	False	0.0
PJ-112a	인물판정	True	0.0
PJ-112b	인물판정	False	0.0
PJ-113a	인물판정	True	1.0
PJ-113b	인물판정	True	1.0
PJ-114a	인물판정	False	0.0
PJ-114b	인물판정	False	0.0
PJ-115a	인물판정	False	0.0
PJ-115b	인물판정	True	0.0
PJ-116a	인물판정	True	1.0
PJ-116b	인물판정	False	0.0
PJ-117a	인물판정	False	0.0
PJ-117b	인물판정	False	0.0
PJ-118a	인물판정	False	0.0
PJ-118b	인물판정	True	1.0
PJ-119a	인물판정	True	0.0
PJ-119b	인물판정	False	0.0
PJ-120a	인물판정	True	0.0
PJ-120b	인물판정	True	0.0
PJ-121a	인물판정	True	1.0
PJ-121b	인물판정	True	1.0
PJ-122a	인물판정	False	0.0
PJ-122b	인물판정	True	0.0
PJ-123a	인물판정	True	0.0
PJ-123b	인물판정	True	0.0
PJ-124a	인물판정	False	0.0
PJ-124b	인물판정	False	0.0
PJ-125a	인물판정	False	0.0
PJ-125b	인물판정	True	1.0
PJ-126a	인물판정	False	0.0
PJ-126b	인물판정	True	1.0
PJ-127a	인물판정	False	0.0
PJ-127b	인물판정	False	0.0
PJ-128a	인물판정	False	0.0
PJ-128b	인물판정	False	0.0
PJ-129a	인물판정	True	0.0
PJ-129b	인물판정	True	0.0
PJ-130a	인물판정	False	0.0
PJ-130b	인물판정	False	0.0
PJ-131a	인물판정	False	0.0
PJ-131b	인물판정	False	0.0
PJ-132a	인물판정	True	1.0
PJ-132b	인물판정	False	0.0
PJ-133a	인물판정	True	1.0
PJ-133b	인물판정	False	0.0
PJ-134a	인물판정	True	0.0
PJ-134b	인물판정	True	0.0
PJ-135a	인물판정	True	0.0
PJ-135b	인물판정	False	0.0
PJ-136a	인물판정	True	0.0
PJ-136b	인물판정	False	0.0
PJ-137a	인물판정	True	0.0
PJ-137b	인물판정	True	1.0
PJ-138a	인물판정	False	0.0
PJ-138b	인물판정	False	0.0
PJ-139a	인물판정	True	1.0
PJ-139b	인물판정	True	1.0
PJ-140a	인물판정	True	0.0
PJ-140b	인물판정	True	1.0
PJ-141a	인물판정	False	0.0
PJ-141b	인물판정	False	0.0
PJ-142a	인물판정	True	0.0
PJ-142b	인물판정	True	0.0
PJ-143a	인물판정	True	0.0
PJ-143b	인물판정	True	0.0
PJ-144a	인물판정	False	0.0
PJ-144b	인물판정	False	0.0
PJ-145a	인물판정	True	0.0
PJ-145b	인물판정	True	0.0
PJ-146a	인물판정	False	0.0
PJ-146b	인물판정	False	0.0
PJ-147a	인물판정	False	0.0
PJ-147b	인물판정	False	0.0
PJ-148a	인물판정	False	0.0
PJ-148b	인물판정	True	1.0
PJ-149a	인물판정	True	0.0
PJ-149b	인물판정	False	0.0
PJ-150a	인물판정	False	0.0
PJ-150b	인물판정	True	1.0
TR-001a	시간추론	False	0.0
TR-001b	시간추론	True	0.0
TR-002a	시간추론	False	0.0
TR-002b	시간추론	False	0.0
TR-003a	시간추론	True	1.0
TR-003b	시간추론	True	0.0
TR-004a	시간추론	True	0.0
TR-004b	시간추론	True	0.0
TR-005a	시간추론	True	0.0
TR-005b	시간추론	True	0.0
TR-006a	시간추론	False	0.0
TR-006b	시간추론	False	0.0
TR-007a	시간추론	True	0.0
TR-007b	시간추론	False	0.0
TR-008a	시간추론	False	0.0
TR-008b	시간추론	False	0.0
TR-009a	시간추론	False	0.0
TR-009b	시간추론	True	0.0
TR-010a	시간추론	False	0.0
TR-010b	시간추론	False	0.0
TR-011a	시간추론	False	0.0
TR-011b	시간추론	True	1.0
TR-012a	시간추론	True	0.0
TR-012b	시간추론	True	0.0
TR-013a	시간추론	False	0.0
TR-013b	시간추론	False	0.0
TR-014a	시간추론	False	0.0
TR-014b	시간추론	False	0.0
TR-015a	시간추론	False	0.0
TR-015b	시간추론	False	0.0
TR-016a	시간추론	False	0.0
TR-016b	시간추론	False	0.0
TR-017a	시간추론	False	0.0
TR-017b	시간추론	False	0.0
TR-018a	시간추론	True	1.0
TR-018b	시간추론	True	0.0
TR-019a	시간추론	True	0.0
TR-019b	시간추론	True	0.0
TR-020a	시간추론	False	0.0
TR-020b	시간추론	False	0.0
TR-021a	시간추론	False	0.0
TR-021b	시간추론	False	0.0
TR-022a	시간추론	True	0.0
TR-022b	시간추론	False	0.0
TR-023a	시간추론	False	0.0
TR-023b	시간추론	False	0.0
TR-024a	시간추론	True	0.0
TR-024b	시간추론	False	0.0
TR-025a	시간추론	True	0.0
TR-025b	시간추론	False	0.0
TR-026a	시간추론	False	0.0
TR-026b	시간추론	False	0.0
TR-027a	시간추론	False	0.0
TR-027b	시간추론	False	0.0
TR-028a	시간추론	False	0.0
TR-028b	시간추론	False	0.0
TR-029a	시간추론	False	0.0
TR-029b	시간추론	False	0.0
TR-030a	시간추론	True	1.0
TR-030b	시간추론	False	0.0
TR-031a	시간추론	False	0.0
TR-031b	시간추론	False	0.0
TR-032a	시간추론	True	1.0
TR-032b	시간추론	False	0.0
TR-033a	시간추론	False	0.0
TR-033b	시간추론	True	0.0
TR-034a	시간추론	False	0.0
TR-034b	시간추론	False	0.0
TR-035a	시간추론	False	0.0
TR-035b	시간추론	True	0.0
TR-036a	시간추론	False	0.0
TR-036b	시간추론	False	0.0
TR-037a	시간추론	False	0.0
TR-037b	시간추론	False	0.0
TR-038a	시간추론	True	0.0
TR-038b	시간추론	True	0.0
TR-039a	시간추론	False	0.0
TR-039b	시간추론	False	0.0
TR-040a	시간추론	True	0.0
TR-040b	시간추론	True	0.0
TR-041a	시간추론	False	0.0
TR-041b	시간추론	True	0.0
TR-042a	시간추론	True	0.0
TR-042b	시간추론	True	0.0
TR-043a	시간추론	True	0.0
TR-043b	시간추론	True	1.0
TR-044a	시간추론	False	0.0
TR-044b	시간추론	False	0.0
TR-045a	시간추론	True	0.0
TR-045b	시간추론	True	0.0
TR-046a	시간추론	True	1.0
TR-046b	시간추론	True	0.0
TR-047a	시간추론	False	0.0
TR-047b	시간추론	True	1.0
TR-048a	시간추론	True	1.0
TR-048b	시간추론	True	0.0
TR-049a	시간추론	True	1.0
TR-049b	시간추론	True	1.0
TR-050a	시간추론	True	0.0
TR-050b	시간추론	True	0.0
TR-051a	시간추론	False	0.0
TR-051b	시간추론	False	0.0
TR-052a	시간추론	False	0.0
TR-052b	시간추론	False	0.0
TR-053a	시간추론	False	0.0
TR-053b	시간추론	False	0.0
TR-054a	시간추론	False	0.0
TR-054b	시간추론	False	0.0
TR-055a	시간추론	False	0.0
TR-055b	시간추론	False	0.0
TR-056a	시간추론	False	0.0
TR-056b	시간추론	False	0.0
TR-057a	시간추론	True	0.0
TR-057b	시간추론	False	0.0
TR-058a	시간추론	False	0.0
TR-058b	시간추론	False	0.0
TR-059a	시간추론	True	1.0
TR-059b	시간추론	False	0.0
TR-060a	시간추론	False	0.0
TR-060b	시간추론	False	0.0
TR-061a	시간추론	False	0.0
TR-061b	시간추론	False	0.0
TR-062a	시간추론	False	0.0
TR-062b	시간추론	False	0.0
TR-063a	시간추론	True	1.0
TR-063b	시간추론	False	0.0
TR-064a	시간추론	False	0.0
TR-064b	시간추론	False	0.0
TR-065a	시간추론	False	0.0
TR-065b	시간추론	False	0.0
TR-066a	시간추론	False	0.0
TR-066b	시간추론	False	0.0
TR-067a	시간추론	False	0.0
TR-067b	시간추론	False	0.0
TR-068a	시간추론	False	0.0
TR-068b	시간추론	False	0.0
TR-069a	시간추론	False	0.0
TR-069b	시간추론	False	0.0
TR-070a	시간추론	False	0.0
TR-070b	시간추론	False	0.0
TR-071a	시간추론	False	0.0
TR-071b	시간추론	False	0.0
TR-072a	시간추론	False	0.0
TR-072b	시간추론	True	0.0
TR-073a	시간추론	False	0.0
TR-073b	시간추론	False	0.0
TR-074a	시간추론	False	0.0
TR-074b	시간추론	True	0.0
TR-075a	시간추론	False	0.0
TR-075b	시간추론	True	0.0
TR-076a	시간추론	False	0.0
TR-076b	시간추론	False	0.0
TR-077a	시간추론	False	0.0
TR-077b	시간추론	True	0.0
TR-078a	시간추론	False	0.0
TR-078b	시간추론	False	0.0
TR-079a	시간추론	True	0.0
TR-079b	시간추론	True	0.0
TR-080a	시간추론	False	0.0
TR-080b	시간추론	False	0.0
TR-081a	시간추론	False	0.0
TR-081b	시간추론	False	0.0
TR-082a	시간추론	False	0.0
TR-082b	시간추론	False	0.0
TR-083a	시간추론	False	0.0
TR-083b	시간추론	False	0.0
TR-084a	시간추론	False	0.0
TR-084b	시간추론	False	0.0
TR-085a	시간추론	False	0.0
TR-085b	시간추론	True	1.0
TR-086a	시간추론	True	0.0
TR-086b	시간추론	False	0.0
TR-087a	시간추론	False	0.0
TR-087b	시간추론	False	0.0
TR-088a	시간추론	False	0.0
TR-088b	시간추론	False	0.0
TR-089a	시간추론	True	0.0
TR-089b	시간추론	False	0.0
TR-090a	시간추론	False	0.0
TR-090b	시간추론	False	0.0
TR-091a	시간추론	False	0.0
TR-091b	시간추론	False	0.0
TR-092a	시간추론	False	0.0
TR-092b	시간추론	True	0.0
TR-093a	시간추론	False	0.0
TR-093b	시간추론	True	0.0
TR-094a	시간추론	False	0.0
TR-094b	시간추론	False	0.0
TR-095a	시간추론	False	0.0
TR-095b	시간추론	True	1.0
TR-096a	시간추론	False	0.0
TR-096b	시간추론	True	0.0
TR-097a	시간추론	False	0.0
TR-097b	시간추론	True	0.0
TR-098a	시간추론	False	0.0
TR-098b	시간추론	True	0.0
TR-099a	시간추론	True	1.0
TR-099b	시간추론	False	0.0
TR-100a	시간추론	False	0.0
TR-100b	시간추론	False	0.0
TR-101a	시간추론	False	0.0
TR-101b	시간추론	False	0.0
TR-102a	시간추론	False	0.0
TR-102b	시간추론	False	0.0
TR-103a	시간추론	False	0.0
TR-103b	시간추론	False	0.0
TR-104a	시간추론	False	0.0
TR-104b	시간추론	False	0.0
TR-105a	시간추론	False	0.0
TR-105b	시간추론	False	0.0
TR-106a	시간추론	False	0.0
TR-106b	시간추론	False	0.0
TR-107a	시간추론	True	0.0
TR-107b	시간추론	False	0.0
TR-108a	시간추론	True	0.0
TR-108b	시간추론	True	0.0
TR-109a	시간추론	False	0.0
TR-109b	시간추론	False	0.0
TR-110a	시간추론	False	0.0
TR-110b	시간추론	False	0.0
TR-111a	시간추론	False	0.0
TR-111b	시간추론	True	0.0
TR-112a	시간추론	True	0.0
TR-112b	시간추론	False	0.0
TR-113a	시간추론	True	0.0
TR-113b	시간추론	True	0.0
TR-114a	시간추론	False	0.0
TR-114b	시간추론	True	1.0
TR-115a	시간추론	False	0.0
TR-115b	시간추론	False	0.0
TR-116a	시간추론	False	0.0
TR-116b	시간추론	True	0.0
TR-117a	시간추론	False	0.0
TR-117b	시간추론	False	0.0
TR-118a	시간추론	False	0.0
TR-118b	시간추론	False	0.0
TR-119a	시간추론	True	1.0
TR-119b	시간추론	False	0.0
TR-120a	시간추론	True	1.0
TR-120b	시간추론	False	0.0
TR-121a	시간추론	False	0.0
TR-121b	시간추론	False	0.0
TR-122a	시간추론	False	0.0
TR-122b	시간추론	False	0.0
TR-123a	시간추론	False	0.0
TR-123b	시간추론	False	0.0
TR-124a	시간추론	False	0.0
TR-124b	시간추론	True	0.0
TR-125a	시간추론	True	0.0
TR-125b	시간추론	True	1.0
TR-126a	시간추론	True	0.0
TR-126b	시간추론	True	0.0
TR-127a	시간추론	False	0.0
TR-127b	시간추론	False	0.0
TR-128a	시간추론	False	0.0
TR-128b	시간추론	False	0.0
TR-129a	시간추론	True	0.0
TR-129b	시간추론	True	0.0
TR-130a	시간추론	True	0.0
TR-130b	시간추론	True	1.0
TR-131a	시간추론	False	0.0
TR-131b	시간추론	False	0.0
TR-132a	시간추론	False	0.0
TR-132b	시간추론	True	0.0
TR-133a	시간추론	False	0.0
TR-133b	시간추론	False	0.0
TR-134a	시간추론	False	0.0
TR-134b	시간추론	True	0.0
TR-135a	시간추론	False	0.0
TR-135b	시간추론	False	0.0
TR-136a	시간추론	False	0.0
TR-136b	시간추론	True	1.0
TR-137a	시간추론	False	0.0
TR-137b	시간추론	False	0.0
TR-138a	시간추론	True	0.0
TR-138b	시간추론	False	0.0
TR-139a	시간추론	False	0.0
TR-139b	시간추론	False	0.0
TR-140a	시간추론	False	0.0
TR-140b	시간추론	False	0.0
TR-141a	시간추론	False	0.0
TR-141b	시간추론	False	0.0
TR-142a	시간추론	True	0.0
TR-142b	시간추론	True	0.0
TR-143a	시간추론	True	1.0
TR-143b	시간추론	True	1.0
TR-144a	시간추론	True	0.0
TR-144b	시간추론	True	0.0
TR-145a	시간추론	True	0.0
TR-145b	시간추론	True	1.0
TR-146a	시간추론	False	0.0
TR-146b	시간추론	False	0.0
TR-147a	시간추론	False	0.0
TR-147b	시간추론	True	1.0
TR-148a	시간추론	False	0.0
TR-148b	시간추론	False	0.0
TR-149a	시간추론	False	0.0
TR-149b	시간추론	False	0.0
TR-150a	시간추론	False	0.0
TR-150b	시간추론	False	0.0
MH2-001	멀티홉	True	0.0
MH2-002	멀티홉	False	0.0
MH2-003	멀티홉	False	0.0
MH2-005	멀티홉	True	1.0
MH2-006	멀티홉	False	0.0
MH2-007	멀티홉	False	0.0
MH2-008	멀티홉	False	0.0
MH2-009	멀티홉	True	1.0
MH2-010	멀티홉	False	0.0
MH2-011	멀티홉	True	0.0
MH2-012	멀티홉	True	0.0
MH2-013	멀티홉	True	1.0
MH2-014	멀티홉	False	0.0
MH2-015	멀티홉	False	0.0
MH2-016	멀티홉	False	0.0
MH2-017	멀티홉	False	0.0
MH2-018	멀티홉	True	1.0
MH2-020	멀티홉	True	1.0
MH2-021	멀티홉	False	0.0
MH2-022	멀티홉	False	0.0
MH2-023	멀티홉	True	1.0
MH2-024	멀티홉	True	1.0
MH2-025	멀티홉	False	0.0
MH2-026	멀티홉	True	0.0
MH2-027	멀티홉	True	1.0
MH2-028	멀티홉	False	0.0
MH2-029	멀티홉	True	0.0
MH2-030	멀티홉	False	0.0
MH2-031	멀티홉	True	0.0
MH2-032	멀티홉	True	0.0
MH2-033	멀티홉	False	0.0
MH2-034	멀티홉	True	1.0
MH2-035	멀티홉	True	0.0
MH2-036	멀티홉	True	0.0
MH2-037	멀티홉	True	1.0
MH2-038	멀티홉	False	0.0
MH2-044	멀티홉	True	0.0
MH2-045	멀티홉	True	1.0
MH2-046	멀티홉	False	0.0
MH2-047	멀티홉	True	1.0
MH2-048	멀티홉	False	0.0
MH2-049	멀티홉	False	0.0
MH2-050	멀티홉	True	1.0
MH2-051	멀티홉	False	0.0
MH2-052	멀티홉	True	0.0
MH2-053	멀티홉	False	0.0
MH2-055	멀티홉	True	1.0
MH2-056	멀티홉	False	0.0
MH2-057	멀티홉	True	1.0
MH2-058	멀티홉	True	0.0
MH2-059	멀티홉	False	0.0
MH2-060	멀티홉	True	0.0
MH2-061	멀티홉	True	0.0
MH2-062	멀티홉	False	0.0
MH2-063	멀티홉	False	0.0
MH2-064	멀티홉	False	0.0
MH2-065	멀티홉	False	0.0
MH2-066	멀티홉	True	1.0
MH2-067	멀티홉	True	0.0
MH2-068	멀티홉	True	1.0
MH2-069	멀티홉	False	0.0
MH2-070	멀티홉	False	0.0
MH2-071	멀티홉	True	0.0
MH2-072	멀티홉	True	1.0
MH2-073	멀티홉	False	0.0
MH2-074	멀티홉	True	1.0
MH2-075	멀티홉	True	1.0
MH2-076	멀티홉	False	0.0
MH2-077	멀티홉	False	0.0
MH2-078	멀티홉	True	0.0
MH2-079	멀티홉	False	0.0
MH2-080	멀티홉	True	1.0
MH2-081	멀티홉	False	0.0
MH2-082	멀티홉	False	0.0
MH2-083	멀티홉	False	0.0
MH2-084	멀티홉	True	1.0
MH2-085	멀티홉	True	0.0
MH2-086	멀티홉	False	0.0
MH2-087	멀티홉	False	0.0
MH2-088	멀티홉	False	0.0
MH2-089	멀티홉	True	1.0
MH2-090	멀티홉	True	1.0
MH2-091	멀티홉	True	1.0
MH2-092	멀티홉	True	1.0
MH2-093	멀티홉	False	0.0
MH2-094	멀티홉	True	1.0
MH2-095	멀티홉	True	0.0
MH2-096	멀티홉	True	0.0
MH2-097	멀티홉	True	0.0
MH2-098	멀티홉	True	1.0
MH2-099	멀티홉	True	0.0
MH2-100	멀티홉	True	0.0
MH3-001	멀티홉	False	0.0
MH3-002	멀티홉	False	0.0
MH3-003	멀티홉	False	0.0
MH3-004	멀티홉	True	1.0
MH3-005	멀티홉	False	0.0
MH3-006	멀티홉	False	0.0
MH3-007	멀티홉	True	0.0
MH3-008	멀티홉	False	0.0
MH3-009	멀티홉	False	0.0
MH3-010	멀티홉	False	0.0
MH3-011	멀티홉	True	1.0
MH3-012	멀티홉	False	0.0
MH3-013	멀티홉	True	1.0
MH3-014	멀티홉	False	0.0
MH3-015	멀티홉	True	0.0
MH3-016	멀티홉	False	0.0
MH3-017	멀티홉	True	0.0
MH3-018	멀티홉	True	0.0
MH3-019	멀티홉	False	0.0
MH3-020	멀티홉	False	0.0
MH3-021	멀티홉	False	0.0
MH3-022	멀티홉	False	0.0
MH3-023	멀티홉	False	0.0
MH3-024	멀티홉	True	0.0
MH3-025	멀티홉	False	0.0
MH3-026	멀티홉	True	0.0
MH3-027	멀티홉	True	0.0
MH3-028	멀티홉	True	0.0
MH3-029	멀티홉	True	0.0
MH3-030	멀티홉	False	0.0
MH3-031	멀티홉	False	0.0
MH3-032	멀티홉	False	0.0
MH3-033	멀티홉	False	0.0
MH3-034	멀티홉	False	0.0
MH3-035	멀티홉	False	0.0
MH3-036	멀티홉	True	0.0
MH3-037	멀티홉	False	0.0
MH3-038	멀티홉	False	0.0
MH3-039	멀티홉	False	0.0
MH3-040	멀티홉	False	0.0
MH3-041	멀티홉	False	0.0
MH3-042	멀티홉	True	0.0
MH3-043	멀티홉	False	0.0
MH3-044	멀티홉	False	0.0
MH3-045	멀티홉	False	0.0
MH3-046	멀티홉	False	0.0
MH3-047	멀티홉	False	0.0
MH3-048	멀티홉	False	0.0
MH3-049	멀티홉	True	0.0
MH3-050	멀티홉	True	1.0
MH3-051	멀티홉	True	1.0
MH3-052	멀티홉	False	0.0
MH3-053	멀티홉	False	0.0
MH3-054	멀티홉	False	0.0
MH3-055	멀티홉	False	0.0
MH3-056	멀티홉	True	0.0
MH3-057	멀티홉	True	0.0
MH3-058	멀티홉	True	0.0
MH3-059	멀티홉	False	0.0
MH3-060	멀티홉	True	0.0
MH3-061	멀티홉	True	1.0
MH3-062	멀티홉	False	0.0
MH3-063	멀티홉	False	0.0
MH3-066	멀티홉	False	0.0
MH3-067	멀티홉	False	0.0
MH3-068	멀티홉	False	0.0
MH3-069	멀티홉	False	0.0
MH3-070	멀티홉	False	0.0
MH3-071	멀티홉	False	0.0
MH3-072	멀티홉	False	0.0
MH3-073	멀티홉	False	0.0
MH3-074	멀티홉	True	0.0
MH3-075	멀티홉	False	0.0
MH3-076	멀티홉	True	0.0
MH3-077	멀티홉	False	0.0
MH3-078	멀티홉	False	0.0
MH3-079	멀티홉	False	0.0
MH3-080	멀티홉	False	0.0
MH3-081	멀티홉	False	0.0
MH3-082	멀티홉	True	1.0
MH3-083	멀티홉	False	0.0
MH3-084	멀티홉	True	0.0
MH3-085	멀티홉	False	0.0
MH3-086	멀티홉	True	0.0
MH3-087	멀티홉	False	0.0
MH3-088	멀티홉	False	0.0
MH3-089	멀티홉	False	0.0
MH3-090	멀티홉	False	0.0
MH3-091	멀티홉	False	0.0
MH3-092	멀티홉	True	0.0
MH3-093	멀티홉	True	0.0
MH3-094	멀티홉	True	0.0
MH3-095	멀티홉	False	0.0
MH3-096	멀티홉	False	0.0
MH3-097	멀티홉	False	0.0
MH3-098	멀티홉	False	0.0
MH3-099	멀티홉	False	0.0
MH3-100	멀티홉	True	0.0
MH5-001	멀티홉	False	0.0
MH5-002	멀티홉	False	0.0
MH5-003	멀티홉	False	0.0
MH5-004	멀티홉	False	0.0
MH5-005	멀티홉	False	0.0
MH5-006	멀티홉	True	1.0
MH5-007	멀티홉	False	0.0
MH5-008	멀티홉	False	0.0
MH5-009	멀티홉	False	0.0
MH5-010	멀티홉	False	0.0
MH5-011	멀티홉	False	0.0
MH5-012	멀티홉	False	0.0
MH5-013	멀티홉	False	0.0
MH5-014	멀티홉	False	0.0
MH5-015	멀티홉	False	0.0
MH5-016	멀티홉	False	0.0
MH5-017	멀티홉	False	0.0
MH5-018	멀티홉	False	0.0
MH5-019	멀티홉	False	0.0
MH5-020	멀티홉	False	0.0
MH5-021	멀티홉	True	0.0
MH5-022	멀티홉	True	0.0
MH5-023	멀티홉	False	0.0
MH5-024	멀티홉	False	0.0
MH5-025	멀티홉	False	0.0
MH5-026	멀티홉	False	0.0
MH5-027	멀티홉	True	0.0
MH5-028	멀티홉	True	0.0
MH5-029	멀티홉	False	0.0
MH5-030	멀티홉	False	0.0
MH5-031	멀티홉	False	0.0
MH5-032	멀티홉	False	0.0
MH5-033	멀티홉	False	0.0
MH5-034	멀티홉	False	0.0
MH5-035	멀티홉	True	0.0
MH5-036	멀티홉	False	0.0
MH5-037	멀티홉	True	0.0
MH5-038	멀티홉	True	0.0
MH5-039	멀티홉	False	0.0
MH5-040	멀티홉	False	0.0
MH5-041	멀티홉	False	0.0
MH5-042	멀티홉	False	0.0
MH5-043	멀티홉	True	1.0
MH5-044	멀티홉	True	0.0
MH5-045	멀티홉	False	0.0
MH5-046	멀티홉	True	1.0
MH5-047	멀티홉	False	0.0
MH5-048	멀티홉	False	0.0
MH5-049	멀티홉	False	0.0
MH5-050	멀티홉	False	0.0
MH5-051	멀티홉	True	1.0
MH5-052	멀티홉	False	0.0
MH5-053	멀티홉	False	0.0
MH5-054	멀티홉	False	0.0
MH5-055	멀티홉	False	0.0
MH5-056	멀티홉	False	0.0
MH5-057	멀티홉	False	0.0
MH5-058	멀티홉	False	0.0
MH5-059	멀티홉	False	0.0
MH5-060	멀티홉	False	0.0
MH5-061	멀티홉	False	0.0
MH5-062	멀티홉	False	0.0
MH5-063	멀티홉	False	0.0
MH5-064	멀티홉	False	0.0
MH5-065	멀티홉	True	0.0
MH5-066	멀티홉	False	0.0
MH5-067	멀티홉	False	0.0
MH5-068	멀티홉	False	0.0
MH5-069	멀티홉	False	0.0
MH5-070	멀티홉	False	0.0
MH5-071	멀티홉	False	0.0
MH5-072	멀티홉	True	1.0
MH5-073	멀티홉	False	0.0
MH5-074	멀티홉	True	0.0
MH5-075	멀티홉	False	0.0
MH5-076	멀티홉	False	0.0
MH5-077	멀티홉	False	0.0
MH5-078	멀티홉	True	1.0
MH5-079	멀티홉	False	0.0
MH5-080	멀티홉	True	0.0
MH5-081	멀티홉	False	0.0
MH5-082	멀티홉	False	0.0
MH5-083	멀티홉	False	0.0
MH5-084	멀티홉	False	0.0
MH5-085	멀티홉	False	0.0
MH5-086	멀티홉	False	0.0
MH5-087	멀티홉	False	0.0
MH5-088	멀티홉	False	0.0
MH5-089	멀티홉	False	0.0
MH5-090	멀티홉	False	0.0
MH5-091	멀티홉	False	0.0
MH5-092	멀티홉	False	0.0
MH5-093	멀티홉	True	0.0
MH5-094	멀티홉	False	0.0
MH5-095	멀티홉	True	0.0
MH5-096	멀티홉	False	0.0
MH5-097	멀티홉	True	0.0
MH5-098	멀티홉	False	0.0
MH5-099	멀티홉	False	0.0
MH5-100	멀티홉	False	0.0
MH7-001	멀티홉	False	0.0
MH7-002	멀티홉	False	0.0
MH7-003	멀티홉	True	0.0
MH7-004	멀티홉	False	0.0
MH7-005	멀티홉	False	0.0
MH7-006	멀티홉	True	0.0
MH7-007	멀티홉	False	0.0
MH7-008	멀티홉	False	0.0
MH7-009	멀티홉	False	0.0
MH7-010	멀티홉	False	0.0
MH7-011	멀티홉	True	0.0
MH7-012	멀티홉	True	0.0
MH7-013	멀티홉	False	0.0
MH7-014	멀티홉	False	0.0
MH7-015	멀티홉	False	0.0
MH7-016	멀티홉	False	0.0
MH7-017	멀티홉	False	0.0
MH7-018	멀티홉	True	0.0
MH7-019	멀티홉	False	0.0
MH7-020	멀티홉	False	0.0
MH7-021	멀티홉	False	0.0
MH7-022	멀티홉	False	0.0
MH7-023	멀티홉	False	0.0
MH7-024	멀티홉	False	0.0
MH7-025	멀티홉	True	0.0
MH7-026	멀티홉	False	0.0
MH7-027	멀티홉	False	0.0
MH7-028	멀티홉	False	0.0
MH7-029	멀티홉	False	0.0
MH7-030	멀티홉	False	0.0
MH7-031	멀티홉	False	0.0
MH7-032	멀티홉	True	0.0
MH7-033	멀티홉	False	0.0
MH7-034	멀티홉	False	0.0
MH7-035	멀티홉	False	0.0
MH7-036	멀티홉	False	0.0
MH7-037	멀티홉	False	0.0
MH7-038	멀티홉	False	0.0
MH7-039	멀티홉	False	0.0
MH7-040	멀티홉	False	0.0
MH7-041	멀티홉	True	0.0
MH7-042	멀티홉	False	0.0
MH7-043	멀티홉	False	0.0
MH7-044	멀티홉	False	0.0
MH7-045	멀티홉	False	0.0
MH7-046	멀티홉	False	0.0
MH7-047	멀티홉	False	0.0
MH7-048	멀티홉	True	0.0
MH7-049	멀티홉	False	0.0
MH7-050	멀티홉	True	0.0
MH7-051	멀티홉	False	0.0
MH7-053	멀티홉	True	0.0
MH7-054	멀티홉	True	0.0
MH7-055	멀티홉	True	0.0
MH7-056	멀티홉	False	0.0
MH7-057	멀티홉	False	0.0
MH7-059	멀티홉	True	0.0
MH7-060	멀티홉	True	0.0
MH7-061	멀티홉	False	0.0
MH7-063	멀티홉	False	0.0
MH7-064	멀티홉	False	0.0
MH7-065	멀티홉	True	0.0
MH7-066	멀티홉	False	0.0
MH7-067	멀티홉	True	0.0
MH7-068	멀티홉	False	0.0
MH7-069	멀티홉	True	0.0
MH7-070	멀티홉	False	0.0
MH7-071	멀티홉	False	0.0
MH7-072	멀티홉	False	0.0
MH7-073	멀티홉	False	0.0
MH7-074	멀티홉	False	0.0
MH7-075	멀티홉	False	0.0
MH7-076	멀티홉	False	0.0
MH7-077	멀티홉	False	0.0
MH7-078	멀티홉	False	0.0
MH7-079	멀티홉	False	0.0
MH7-080	멀티홉	False	0.0
MH7-081	멀티홉	False	0.0
MH7-082	멀티홉	False	0.0
MH7-083	멀티홉	False	0.0
MH7-084	멀티홉	False	0.0
MH7-085	멀티홉	True	0.0
MH7-087	멀티홉	False	0.0
MH7-088	멀티홉	False	0.0
MH7-089	멀티홉	False	0.0
