pair	sub	alias_type	name_a	name_b	nodes_a	nodes_b	status	shared_grounded_both	gr_pair	va_pair	a_grounded	a_in_ctx	b_grounded	b_in_ctx
PJ-001	같은 사람	실명(휘)/봉호	이비(李裶)	경녕군	이비	경녕군	별개 노드·직접 관계	None	0.0	0.0	False	False	False	False
PJ-002	같은 사람	실명(휘)/봉호	이비(李裶)	경녕군	이비	경녕군	별개 노드·직접 관계	None	0.0	1.0	False	True	False	False
PJ-003	같은 사람	자호/실명	야은	길재		길재	노드 없음(한쪽 이상)	None	0.0	0.0	False	False	True	True
PJ-004	같은 사람	자호/실명	금오산인	길재	금오산인	길재	별개 노드·직접 관계	None	0.0	1.0	True	False	True	True
PJ-005	같은 사람	봉호/실명	의령부원군	남재	의령부원군	남재	별개 노드·직접 관계	None	0.0	1.0	False	False	True	False
PJ-006	같은 사람	시호/실명	충경공	남재		남재	노드 없음(한쪽 이상)	None	0.0	0.0	False	False	False	False
PJ-007	같은 사람	약칭(성 생략)/실명	맹가첩목아	동맹가첩목아	맹가첩목아	동맹가첩목아	별개 노드·설명에만 언급	None	1.0	1.0	True	True	True	False
PJ-008	같은 사람	관직호칭/실명	건주좌위 지휘사	동맹가첩목아	건주좌위 지휘사	동맹가첩목아	별개 노드·직접 관계	None	0.0	1.0	True	True	True	False
PJ-009	같은 사람	관계호칭(원자)/실명(휘)	원자	이향	원자	이향	별개 노드·직접 관계	None	0.0	1.0	False	False	True	False
PJ-010	같은 사람	관계호칭(왕세자)/실명(휘)	왕세자	이향	왕세자	이향	별개 노드·설명에만 언급	None	0.0	0.0	True	False	True	False
PJ-011	같은 사람	봉호/실명	창녕부원군	성석린	창녕부원군	성석린	별개 노드·직접 관계	None	0.0	0.0	True	True	False	True
PJ-012	같은 사람	자호/실명	독곡수	성석린		성석린	노드 없음(한쪽 이상)	None	1.0	1.0	False	False	False	True
PJ-013	같은 사람	관계호칭(주상)/묘호	주상	세종	주상	세종	별개 노드·직접 관계	None	1.0	1.0	True	False	False	False
PJ-014	같은 사람	대군 시절 군호/실명(휘)	충녕	이도	충녕	이도	별개 노드(연결 없음)	None	0.0	0.0	True	False	False	False
PJ-015	같은 사람	왕비 칭호/시호	공비	소헌왕후	공비	소헌왕후	별개 노드·직접 관계	None	1.0	1.0	True	False	True	True
PJ-016	같은 사람	왕비 칭호/관계호칭(중궁)	공비	중궁	공비	중궁	별개 노드·직접 관계	None	0.0	0.0	True	False	True	False
PJ-017	같은 사람	실명(휘)/봉호	이제(李褆)	양녕대군	이제	양녕대군	별개 노드·직접 관계	None	0.0	1.0	True	True	True	False
PJ-018	같은 사람	실명(휘)/약칭 봉호	이제(李褆)	양녕	이제	양녕	별개 노드·설명에만 언급	None	1.0	1.0	True	True	True	True
PJ-019	같은 사람	봉호/실명	곡산군	연사종	곡산군	연사종	별개 노드·직접 관계	None	0.0	0.0	True	True	True	False
PJ-020	같은 사람	봉호/실명	곡산군	연사종	곡산군	연사종	별개 노드·직접 관계	None	0.0	1.0	True	False	True	False
PJ-021	같은 사람	관계호칭(태후)/시호	태후	원경왕후	태후	원경왕후	별개 노드·직접 관계	None	1.0	1.0	True	True	False	False
PJ-022	같은 사람	시호/관계호칭(대비)	원경왕태후	대비	원경왕태후	대비	별개 노드(연결 없음)	None	0.0	0.0	False	True	True	False
PJ-023	같은 사람	표기이형	柳寬	柳觀			노드 없음(한쪽 이상)	None	0.0	0.0	False	False	False	False
PJ-024	같은 사람	표기이형	柳寬	柳觀			노드 없음(한쪽 이상)	None	0.0	1.0	False	False	False	False
PJ-025	같은 사람	관직호칭(명 관직)/실명	상선감 좌소감	윤봉	상선감 좌소감	윤봉	별개 노드·직접 관계	None	0.0	1.0	True	True	True	False
PJ-026	같은 사람	관계호칭(윤 대인)/실명	윤 대인	윤봉	윤 대인	윤봉	별개 노드·직접 관계	None	1.0	1.0	True	False	True	False
PJ-027	같은 사람	봉호/실명	회안대군	이방간	회안대군	이방간	별개 노드·직접 관계	None	0.0	0.0	True	False	True	False
PJ-028	같은 사람	봉호(약칭)/실명	회안	이방간	회안	이방간	별개 노드·직접 관계	None	0.0	0.0	True	False	True	False
PJ-029	같은 사람	봉호/실명	장천군	이종무	장천군	이종무	별개 노드·직접 관계	None	0.0	1.0	True	False	True	False
PJ-030	같은 사람	봉호/실명	장천군	이종무	장천군	이종무	별개 노드·직접 관계	None	0.0	1.0	True	False	True	False
PJ-031	같은 사람	봉호/실명	성산부원군	이직	성산부원군	이직	별개 노드·직접 관계	None	0.0	0.0	True	True	True	False
PJ-032	같은 사람	봉호/실명	성산부원군	이직	성산부원군	이직	별개 노드·직접 관계	None	0.0	0.0	True	False	True	True
PJ-033	같은 사람	관계호칭(노상왕)/궁호	노상왕	인덕궁	노상왕	인덕궁	별개 노드·직접 관계	None	0.0	1.0	True	True	True	False
PJ-034	같은 사람	관계호칭(노상왕)/시호	노상왕	공정대왕	노상왕	공정대왕	별개 노드(연결 없음)	None	0.0	0.0	True	True	True	False
PJ-035	같은 사람	봉호/실명	한평군	조연	한평군	조연	별개 노드·직접 관계	None	0.0	0.0	True	False	True	False
PJ-036	같은 사람	봉호/실명	한평부원군	조연	한평부원군	조연	별개 노드·직접 관계	None	0.0	1.0	False	False	False	False
PJ-037	같은 사람	관계호칭(선부)/실명	선부	종정무	선부	종정무	별개 노드(연결 없음)	None	0.0	1.0	False	False	True	False
PJ-038	같은 사람	관계호칭(수호공)/실명	수호공	종정무	수호공	종정무	별개 노드·설명에만 언급	None	0.0	1.0	True	True	True	False
PJ-039	같은 사람	이칭(성 붙은 아명)/실명	종도도웅와	종정성	종도도웅와	종정성	별개 노드(연결 없음)	None	1.0	1.0	True	True	True	False
PJ-040	같은 사람	이칭(아명)/실명	도도웅와	종정성	도도웅와	종정성	별개 노드·직접 관계	None	0.0	1.0	True	True	True	False
PJ-041	같은 사람	관직호칭/실명	대마도 도만호	좌위문대랑	대마도 도만호	좌위문대랑	별개 노드·직접 관계	None	0.0	1.0	True	True	True	True
PJ-042	같은 사람	관직호칭/실명	대마도 도만호	좌위문대랑	대마도 도만호	좌위문대랑	별개 노드·직접 관계	None	0.0	1.0	True	True	True	True
PJ-043	같은 사람	옛 이름/실명	최원	최이	최원	최이	별개 노드·직접 관계	None	1.0	1.0	True	False	True	False
PJ-044	같은 사람	옛 이름/실명	최원	최이	최원	최이	별개 노드·직접 관계	None	1.0	1.0	True	False	True	False
PJ-045	같은 사람	관계호칭(상왕)/실명	상왕	이방원	상왕	이방원	별개 노드·직접 관계	None	0.0	1.0	True	True	True	False
PJ-046	같은 사람	관계호칭(상왕)/묘호	상왕	태종	상왕	태종	별개 노드·직접 관계	None	0.0	0.0	True	False	True	False
PJ-047	같은 사람	관계호칭(평 장군)/실명	평 장군	평도전	평 장군	평도전	별개 노드·직접 관계	None	0.0	1.0	True	True	True	True
PJ-048	같은 사람	관계호칭(평 장군)/실명	평 장군	평도전	평 장군	평도전	별개 노드·직접 관계	None	0.0	1.0	True	False	True	False
PJ-049	같은 사람	봉호/실명	서원부원군	한상경	서원부원군	한상경	별개 노드·직접 관계	None	0.0	0.0	True	False	True	True
PJ-050	같은 사람	자호/실명	신재	한상경		한상경	노드 없음(한쪽 이상)	None	1.0	1.0	False	False	True	False
PJ-051	같은 사람	관직호칭(명 관직)/실명	광록시 소경	한확	광록시 소경	한확	별개 노드·직접 관계	None	1.0	1.0	True	True	True	False
PJ-052	같은 사람	관직호칭(명 관직)/실명	광록시 소경	한확	광록시 소경	한확	별개 노드·직접 관계	None	0.0	1.0	True	False	True	False
PJ-053	같은 사람	봉호/실명(휘)	효령군	이보	효령군	이보	별개 노드(연결 없음)	None	0.0	0.0	True	False	False	False
PJ-054	같은 사람	약칭/봉호	효령	효령대군	효령	효령대군	별개 노드·설명에만 언급	None	0.0	0.0	False	False	False	False
PJ-055	같은 사람	관계호칭(왕세자빈)/빈호	왕세자빈	휘빈	왕세자빈	휘빈	별개 노드·직접 관계	None	1.0	1.0	True	True	True	True
PJ-056	같은 사람	관계호칭(세자빈)/빈호	세자빈	휘빈	세자빈	휘빈	별개 노드(연결 없음)	None	0.0	0.0	False	True	True	True
PJ-057	같은 사람	관직호칭/실명	원 참의	원숙	원 참의	원숙	별개 노드·설명에만 언급	None	0.0	0.0	True	False	True	False
PJ-058	같은 사람	관직호칭/실명	지여연군사	이안길	지여연군사	이안길	별개 노드·직접 관계	None	0.0	1.0	True	True	True	False
PJ-059	같은 사람	관직호칭/실명	우의정	이원	우의정	이원	별개 노드·직접 관계	None	0.0	1.0	False	False	True	False
PJ-060	같은 사람	봉호(첫 봉호)/실명	창원군	성석린	창원군	성석린	별개 노드·직접 관계	None	1.0	1.0	True	False	False	True
PJ-061	같은 사람	표기이형	김도련(金道鍊)	김도련(金道練)	김도련	김도련	같은 노드	True	1.0	1.0	True	True	True	True
PJ-062	같은 사람	표기이형	김점(金點)	김점(金漸)	김점	김점/김점(金漸)	같은 노드	True	1.0	0.0	True	True	True	True
PJ-063	같은 사람	표기이형	박안신(朴安信)	박안신(朴安臣)	박안신	박안신	같은 노드	True	0.0	1.0	True	True	True	True
PJ-064	같은 사람	표기이형	최윤덕(崔潤德)	최윤덕(崔閏德)	최윤덕	최윤덕	같은 노드	True	0.0	1.0	True	False	True	False
PJ-065	같은 사람	표기이형	유영(柳頴)	유영(柳穎)	유영	유영	같은 노드	True	0.0	0.0	True	True	True	True
PJ-066	같은 사람	표기이형	김타(金它)	김타(金沱)	김타	김타	같은 노드	True	0.0	0.0	True	True	True	True
PJ-067	같은 사람	표기이형	성엄(成渰)	성엄(成揜)	성엄	성엄	같은 노드	True	1.0	0.0	True	False	True	False
PJ-068	같은 사람	표기이형	박고(朴翶)	박고(朴翺)	박고	박고/박고(朴翺)	같은 노드	True	1.0	1.0	True	True	True	True
PJ-069	같은 사람	시호/실명	충경공	남재		남재	노드 없음(한쪽 이상)	None	0.0	1.0	False	False	True	False
PJ-070	같은 사람	자호/실명	야은	길재		길재	노드 없음(한쪽 이상)	None	0.0	1.0	False	False	True	True
PJ-071	같은 사람	실명(휘)/봉호	이비(李裶)	경녕군	이비	경녕군	별개 노드·직접 관계	None	0.0	0.0	True	True	True	False
PJ-072	같은 사람	관계호칭(원자)/실명(휘)	원자	이향	원자	이향	별개 노드·직접 관계	None	0.0	0.0	True	True	True	True
PJ-073	같은 사람	봉호/실명(휘)	효령군	이보	효령군	이보	별개 노드(연결 없음)	None	0.0	1.0	True	False	True	False
PJ-074	같은 사람	관직호칭/실명	건주좌위 도지휘사	동맹가첩목아	건주좌위 도지휘사	동맹가첩목아	별개 노드·직접 관계	None	0.0	1.0	True	True	False	False
PJ-075	같은 사람	봉호/실명	장천부원군	이종무	장천부원군	이종무	별개 노드·직접 관계	None	0.0	0.0	True	True	True	False
PJ-076	다른 사람	유사명(휘 한 글자·형제)+같은 기사	이비(李裶)	이인(李裀)	이비	이인	별개 노드	None	1.0	1.0	True	True	True	False
PJ-077	다른 사람	유사 군호(형제)+같은 기사	효령대군	양녕대군	효령대군	양녕대군	별개 노드	None	1.0	0.0	True	True	True	True
PJ-078	다른 사람	동명(한글 같음)	이제(李濟)	이제(李褆)	이제	이제	같은 노드	False	0.0	1.0	False	False	False	True
PJ-079	다른 사람	유사명(형제)+같은 기사	이원생	이군생	이원생	이군생	별개 노드	None	0.0	0.0	True	False	True	False
PJ-080	다른 사람	동성동시기(외자 이름)+같은 기사	이원	이직	이원	이직	별개 노드	None	0.0	1.0	True	True	True	True
PJ-081	다른 사람	유사명(형제)+같은 기사	남은	남재	남은	남재	별개 노드	None	1.0	1.0	False	True	False	False
PJ-082	다른 사람	유사명(한 글자)+같은 기사	성억	성엄	성억	성엄	별개 노드	None	0.0	0.0	True	False	True	False
PJ-083	다른 사람	유사명(한 글자)+같은 기사	성억	성엄	성억	성엄	별개 노드	None	0.0	1.0	True	False	True	False
PJ-084	다른 사람	유사명(한 글자)+같은 기사	허지	허조	허지	허조	별개 노드	None	0.0	0.0	True	False	True	False
PJ-085	다른 사람	유사명(한 글자)+같은 기사	허해	허지	허해	허지	별개 노드	None	0.0	0.0	True	False	True	False
PJ-086	다른 사람	유사명(두 글자 겹침)+같은 기사	김맹성	맹사성	김맹성	맹사성	별개 노드	None	0.0	0.0	True	False	True	True
PJ-087	다른 사람	유사명(두 글자 겹침)+같은 기사	이맹균	맹사성	이맹균	맹사성	별개 노드	None	0.0	0.0	True	True	True	True
PJ-088	다른 사람	유사명(두 글자 겹침)+같은 기사	이맹균	김맹성	이맹균	김맹성	별개 노드	None	0.0	1.0	True	False	True	False
PJ-089	다른 사람	유사명(한 글자)+같은 기사	이지실	이지강	이지실	이지강	별개 노드	None	0.0	1.0	True	False	True	False
PJ-090	다른 사람	동성동시기+같은 기사	유영	유관	유영	유관	별개 노드	None	0.0	1.0	True	True	True	False
PJ-091	다른 사람	유사명(한 글자)+같은 기사	서진	서선	서진	서선	별개 노드	None	1.0	1.0	True	True	True	False
PJ-092	다른 사람	유사명(한 글자·부자)+같은 기사	서선	서달	서선	서달	별개 노드	None	0.0	0.0	True	False	True	False
PJ-093	다른 사람	유사명+같은 기사	박광연	박관	박광연	박관	별개 노드	None	1.0	1.0	True	True	True	False
PJ-094	다른 사람	유사명(한 글자)+같은 기사	김익생	김익정	김익생	김익정	별개 노드	None	0.0	0.0	True	False	True	True
PJ-095	다른 사람	유사명(포함)+같은 기사	김자갱	김자	김자갱	김자	별개 노드	None	0.0	0.0	True	False	True	False
PJ-096	다른 사람	유사명(포함)+같은 기사	이징석	이징	이징석	이징	별개 노드	None	0.0	0.0	True	False	True	False
PJ-097	다른 사람	유사명(한 글자)+같은 기사	심정	심온	심정	심온	별개 노드	None	0.0	0.0	True	False	True	False
PJ-098	다른 사람	유사명(한 글자)	심정	심온	심정	심온	별개 노드	None	0.0	0.0	True	False	True	True
PJ-099	다른 사람	유사명(한 글자)+같은 기사	심징	심정	심징	심정	별개 노드	None	0.0	0.0	True	False	True	False
PJ-100	다른 사람	유사명(한 글자)+같은 기사	원윤(元胤)	원숙(元肅)	원윤	원숙/원숙(元肅)	별개 노드	None	0.0	0.0	True	False	True	True
PJ-101	다른 사람	유사명(한 글자)+같은 기사	조종생	조말생	조종생	조말생	별개 노드	None	1.0	1.0	True	False	True	False
PJ-102	다른 사람	유사명(한 글자)+같은 기사	신장	신상	신장	신상	별개 노드	None	0.0	0.0	False	False	True	False
PJ-103	다른 사람	유사명(한 글자)+같은 기사	신호	신장	신호	신장	별개 노드	None	0.0	1.0	True	False	False	False
PJ-104	다른 사람	유사명(한 글자)	박습	박은	박습	박은	별개 노드	None	0.0	0.0	True	True	True	False
PJ-105	다른 사람	유사명(한 글자)+같은 기사	이종선	이종무	이종선	이종무	별개 노드	None	1.0	1.0	True	False	True	False
PJ-106	다른 사람	유사명(한 글자)+같은 기사	정진(鄭津)	정연(鄭淵)	정진	정연	별개 노드	None	0.0	1.0	True	True	True	True
PJ-107	다른 사람	유사명(한 글자)+같은 기사	정초(鄭招)	정진(鄭津)	정초	정진	별개 노드	None	0.0	0.0	True	False	True	True
PJ-108	다른 사람	유사명(한 글자)+같은 기사	유장	유영	유장	유영	별개 노드	None	0.0	0.0	True	True	True	True
PJ-109	다른 사람	유사명(한 글자·형제)+같은 기사	하경리	하경복	하경리	하경복	별개 노드	None	0.0	1.0	True	False	True	False
PJ-110	다른 사람	유사명(한 글자)+같은 기사	김자지	김여지	김자지	김여지	별개 노드	None	0.0	0.0	True	False	True	False
PJ-111	다른 사람	유사명(한 글자·형제)+같은 기사	강상례	강상신	강상례	강상신	별개 노드	None	1.0	1.0	True	True	True	True
PJ-112	다른 사람	유사명(한 글자·형제)+같은 기사	강상려	강상망	강상려	강상망	별개 노드	None	1.0	1.0	True	True	True	True
PJ-113	다른 사람	유사명(한 글자·형제)+같은 기사	박의보	박의손	박의보	박의손	별개 노드	None	1.0	1.0	True	True	True	True
PJ-114	다른 사람	유사명(한 글자)+같은 기사	이각(李慤)	이관(李灌)	이각	이관	별개 노드	None	0.0	1.0	True	False	True	True
PJ-115	다른 사람	동성동시기+같은 기사	최관	최부	최관	최부	별개 노드	None	0.0	0.0	True	False	True	False
PJ-116	다른 사람	동성동시기+같은 기사	최운(崔沄)	최견(崔蠲)	최운	최견	별개 노드	None	0.0	0.0	True	False	True	False
PJ-117	다른 사람	유사명(한 글자)+같은 기사	정초	정연	정초	정연	별개 노드	None	1.0	0.0	True	False	True	False
PJ-118	다른 사람	동성동시기+같은 기사	성개	성엄	성개	성엄	별개 노드	None	0.0	1.0	True	False	True	False
PJ-119	다른 사람	유사명(한 글자)+같은 기사	신개	신상	신개	신상	별개 노드	None	0.0	0.0	True	False	True	False
PJ-120	다른 사람	유사명(한 글자)+같은 기사	황상	황희	황상	황희	별개 노드	None	0.0	1.0	True	True	True	False
PJ-121	다른 사람	동성 친족(부자·숙질)+같은 기사	권담	권근	권담	권근	별개 노드	None	1.0	1.0	True	True	True	True
PJ-122	다른 사람	유사명(한 글자)+같은 기사	정연	정역	정연	정역	별개 노드	None	0.0	0.0	True	True	True	False
PJ-123	다른 사람	동성동시기(같은 관청)+같은 기사	이천	이발	이천	이발	별개 노드	None	1.0	1.0	False	False	True	False
PJ-124	다른 사람	유사명(한 글자)+같은 기사	이백온	이백강	이백온	이백강	별개 노드	None	0.0	1.0	True	False	True	True
PJ-125	다른 사람	유사명(한 글자)+같은 기사	허성	허조	허성	허조	별개 노드	None	0.0	0.0	True	True	True	False
PJ-126	다른 사람	동성동시기(같은 사행)+같은 기사	조치	조비형	조치	조비형	별개 노드	None	0.0	1.0	True	False	True	True
PJ-127	다른 사람	유사명+같은 기사	안숭선	안순	안숭선	안순	별개 노드	None	0.0	1.0	True	False	True	False
PJ-128	다른 사람	동성동시기(같은 원정)+같은 기사	이순몽	이종무	이순몽	이종무	별개 노드	None	1.0	0.0	True	False	True	False
PJ-129	다른 사람	동성동시기(같은 임무)+같은 기사	원민생	원숙	원민생	원숙	별개 노드	None	0.0	0.0	True	True	True	False
PJ-130	다른 사람	동성 친족+같은 기사	심인봉	심징	심인봉	심징	별개 노드	None	1.0	1.0	True	True	True	True
PJ-131	다른 사람	유사명(형제)+같은 기사	이의생	이군생	이의생	이군생	별개 노드	None	0.0	1.0	True	False	True	False
PJ-132	다른 사람	유사명(글자 순서)	이덕명	이명덕	이덕명	이명덕	별개 노드	None	0.0	0.0	True	True	True	False
PJ-133	다른 사람	유사명(한 글자)+같은 기사	박고	박관	박고	박관	별개 노드	None	0.0	1.0	True	False	True	True
PJ-134	다른 사람	유사 군호(형제)+같은 기사	공녕군	경녕군	공녕군	경녕군	별개 노드	None	0.0	0.0	False	True	False	False
PJ-135	다른 사람	유사 군호(형제)+같은 기사	성녕대군	양녕대군	성녕대군	양녕대군	별개 노드	None	0.0	0.0	True	True	True	True
PJ-136	다른 사람	이름 같음(성만 다름)	김월하	장월하	김월하	장월하	별개 노드	None	0.0	0.0	True	False	True	False
PJ-137	다른 사람	유사명(한 글자)+같은 기사	조견	조연	조견	조연	별개 노드	None	1.0	1.0	True	True	True	True
PJ-138	다른 사람	동성동시기+같은 기사	박자청	박은	박자청	박은	별개 노드	None	0.0	0.0	True	False	True	False
PJ-139	다른 사람	유사명(한 글자)+같은 기사	박신(朴信)	박은(朴訔)	박신	박은/박은(朴訔)	별개 노드	None	0.0	1.0	True	False	True	True
PJ-140	다른 사람	동성동시기+같은 기사	유관	유정현	유관	유정현	별개 노드	None	0.0	0.0	True	True	True	False
PJ-141	다른 사람	동성동시기+같은 기사	정흠지	정초	정흠지	정초	별개 노드	None	0.0	1.0	True	False	True	True
PJ-142	다른 사람	동성동시기+같은 기사	안수산	안순	안수산	안순	별개 노드	None	0.0	1.0	True	False	True	True
PJ-143	다른 사람	유사 성(황/황보)+같은 기사	황보인	황희	황보인	황희	별개 노드	None	0.0	1.0	True	False	True	False
PJ-144	다른 사람	유사명(한 글자·부자)	종정무	종정성	종정무	종정성	별개 노드	None	0.0	0.0	True	True	True	True
PJ-145	다른 사람	유사명(한 글자)	김자이	김자지	김자이	김자지	별개 노드	None	0.0	0.0	True	False	True	False
PJ-146	다른 사람	호칭 동형(왕비 호칭)	공비	대비	공비	대비	별개 노드	None	0.0	0.0	False	False	True	False
PJ-147	다른 사람	호칭 동형(퇴위 임금)	노상왕	태상왕	노상왕	태상왕	별개 노드	None	0.0	0.0	True	True	False	True
PJ-148	다른 사람	동명(한글 같음)	조치(曺致)	조치(趙菑)	조치	조치	같은 노드	True	0.0	1.0	True	False	True	False
PJ-149	다른 사람	동명(한글·한자 같음)	박실	박실	박실	박실	같은 노드	True	0.0	0.0	True	False	True	True
PJ-150	다른 사람	동명(한글 같음)	박신(朴晨)	박신(朴信)	박신	박신	같은 노드	True	0.0	0.0	True	True	True	True
