id	name	nodes	grounded	in_ctx	same_node	gr_em	gr_gold_article_in_ctx	va_em
PJ-001a	이비(李裶)	이비	False	False	False	0.0	1.0	0.0
PJ-001b	경녕군	경녕군	False	False	False	0.0	1.0	0.0
PJ-002a	이비(李裶)	이비	False	True	False	0.0	0.0	1.0
PJ-002b	경녕군	경녕군	False	False	False	0.0	0.0	1.0
PJ-003a	야은		False	False	False	0.0	0.0	0.0
PJ-003b	길재	길재	True	True	True	1.0	1.0	1.0
PJ-004a	금오산인	금오산인	True	False	False	0.0	0.0	1.0
PJ-004b	길재	길재	True	True	True	1.0	1.0	1.0
PJ-005a	의령부원군	의령부원군	False	False	False	0.0	0.0	1.0
PJ-005b	남재	남재	True	False	False	1.0	1.0	1.0
PJ-006a	충경공		False	False	False	0.0	0.0	0.0
PJ-006b	남재	남재	False	False	False	0.0	1.0	0.0
PJ-007a	맹가첩목아	맹가첩목아	True	True	True	1.0	1.0	1.0
PJ-007b	동맹가첩목아	동맹가첩목아	True	False	False	1.0	1.0	1.0
PJ-008a	건주좌위 지휘사	건주좌위 지휘사	True	True	True	0.0	1.0	1.0
PJ-008b	동맹가첩목아	동맹가첩목아	True	False	False	0.0	1.0	1.0
PJ-009a	원자	원자	False	False	False	0.0	1.0	1.0
PJ-009b	이향	이향	True	False	False	1.0	1.0	1.0
PJ-010a	왕세자	왕세자	True	False	False	0.0	0.0	0.0
PJ-010b	이향	이향	True	False	False	0.0	0.0	0.0
PJ-011a	창녕부원군	창녕부원군	True	True	True	0.0	0.0	0.0
PJ-011b	성석린	성석린	False	True	False	0.0	0.0	1.0
PJ-012a	독곡수		False	False	False	1.0	1.0	1.0
PJ-012b	성석린	성석린	False	True	False	1.0	1.0	1.0
PJ-013a	주상	주상	True	False	False	1.0	1.0	1.0
PJ-013b	세종	세종	False	False	False	1.0	1.0	1.0
PJ-014a	충녕	충녕	True	False	False	0.0	0.0	1.0
PJ-014b	이도	이도	False	False	False	0.0	0.0	0.0
PJ-015a	공비	공비	True	False	False	1.0	1.0	1.0
PJ-015b	소헌왕후	소헌왕후	True	True	True	1.0	1.0	1.0
PJ-016a	공비	공비	True	False	False	0.0	0.0	0.0
PJ-016b	중궁	중궁	True	False	False	0.0	0.0	0.0
PJ-017a	이제(李褆)	이제	True	True	True	0.0	0.0	1.0
PJ-017b	양녕대군	양녕대군	True	False	False	1.0	1.0	1.0
PJ-018a	이제(李褆)	이제	True	True	True	1.0	0.0	1.0
PJ-018b	양녕	양녕	True	True	True	1.0	1.0	1.0
PJ-019a	곡산군	곡산군	True	True	True	0.0	1.0	0.0
PJ-019b	연사종	연사종	True	False	False	0.0	0.0	1.0
PJ-020a	곡산군	곡산군	True	False	False	0.0	0.0	1.0
PJ-020b	연사종	연사종	True	False	False	0.0	0.0	1.0
PJ-021a	태후	태후	True	True	True	1.0	1.0	1.0
PJ-021b	원경왕후	원경왕후	False	False	False	1.0	1.0	1.0
PJ-022a	원경왕태후	원경왕태후	False	True	False	0.0	0.0	0.0
PJ-022b	대비	대비	True	False	False	0.0	0.0	0.0
PJ-023a	柳寬		False	False	False	0.0	0.0	0.0
PJ-023b	柳觀		False	False	False	0.0	0.0	0.0
PJ-024a	柳寬		False	False	False	1.0	1.0	1.0
PJ-024b	柳觀		False	False	False	0.0	0.0	1.0
PJ-025a	상선감 좌소감	상선감 좌소감	True	True	True	0.0	1.0	1.0
PJ-025b	윤봉	윤봉	True	False	False	1.0	1.0	1.0
PJ-026a	윤 대인	윤 대인	True	False	False	1.0	1.0	1.0
PJ-026b	윤봉	윤봉	True	False	False	1.0	1.0	1.0
PJ-027a	회안대군	회안대군	True	False	False	0.0	0.0	0.0
PJ-027b	이방간	이방간	True	False	False	0.0	0.0	1.0
PJ-028a	회안	회안	True	False	False	0.0	0.0	0.0
PJ-028b	이방간	이방간	True	False	False	0.0	0.0	1.0
PJ-029a	장천군	장천군	True	False	False	0.0	0.0	1.0
PJ-029b	이종무	이종무	True	False	False	1.0	1.0	1.0
PJ-030a	장천군	장천군	True	False	False	0.0	0.0	1.0
PJ-030b	이종무	이종무	True	False	False	0.0	0.0	1.0
PJ-031a	성산부원군	성산부원군	True	True	True	0.0	0.0	0.0
PJ-031b	이직	이직	True	False	False	1.0	1.0	1.0
PJ-032a	성산부원군	성산부원군	True	False	False	0.0	0.0	0.0
PJ-032b	이직	이직	True	True	True	1.0	0.0	1.0
PJ-033a	노상왕	노상왕	True	True	True	1.0	0.0	1.0
PJ-033b	인덕궁	인덕궁	True	False	False	0.0	0.0	1.0
PJ-034a	노상왕	노상왕	True	True	True	0.0	0.0	0.0
PJ-034b	공정대왕	공정대왕	True	False	False	0.0	0.0	0.0
PJ-035a	한평군	한평군	True	False	False	0.0	0.0	0.0
PJ-035b	조연	조연	True	False	False	0.0	0.0	0.0
PJ-036a	한평부원군	한평부원군	False	False	False	0.0	0.0	1.0
PJ-036b	조연	조연	False	False	False	0.0	0.0	1.0
PJ-037a	선부	선부	False	False	False	0.0	1.0	1.0
PJ-037b	종정무	종정무	True	False	False	0.0	0.0	1.0
PJ-038a	수호공	수호공	True	True	True	0.0	0.0	1.0
PJ-038b	종정무	종정무	True	False	False	0.0	0.0	1.0
PJ-039a	종도도웅와	종도도웅와	True	True	True	1.0	1.0	1.0
PJ-039b	종정성	종정성	True	False	False	1.0	1.0	1.0
PJ-040a	도도웅와	도도웅와	True	True	True	1.0	1.0	1.0
PJ-040b	종정성	종정성	True	False	False	0.0	0.0	1.0
PJ-041a	대마도 도만호	대마도 도만호	True	True	True	1.0	1.0	1.0
PJ-041b	좌위문대랑	좌위문대랑	True	True	True	0.0	0.0	1.0
PJ-042a	대마도 도만호	대마도 도만호	True	True	True	0.0	1.0	1.0
PJ-042b	좌위문대랑	좌위문대랑	True	True	True	0.0	0.0	1.0
PJ-043a	최원	최원	True	False	False	1.0	1.0	1.0
PJ-043b	최이	최이	True	False	False	1.0	1.0	1.0
PJ-044a	최원	최원	True	False	False	1.0	1.0	1.0
PJ-044b	최이	최이	True	False	False	1.0	1.0	1.0
PJ-045a	상왕	상왕	True	True	True	0.0	0.0	1.0
PJ-045b	이방원	이방원	True	False	False	0.0	0.0	1.0
PJ-046a	상왕	상왕	True	False	False	0.0	0.0	0.0
PJ-046b	태종	태종	True	False	False	0.0	0.0	0.0
PJ-047a	평 장군	평 장군	True	True	True	0.0	0.0	1.0
PJ-047b	평도전	평도전	True	True	True	1.0	0.0	1.0
PJ-048a	평 장군	평 장군	True	False	False	0.0	0.0	1.0
PJ-048b	평도전	평도전	True	False	False	1.0	1.0	1.0
PJ-049a	서원부원군	서원부원군	True	False	False	0.0	0.0	0.0
PJ-049b	한상경	한상경	True	True	True	1.0	1.0	0.0
PJ-050a	신재		False	False	False	1.0	0.0	1.0
PJ-050b	한상경	한상경	True	False	False	1.0	0.0	1.0
PJ-051a	광록시 소경	광록시 소경	True	True	True	1.0	1.0	1.0
PJ-051b	한확	한확	True	False	False	1.0	1.0	1.0
PJ-052a	광록시 소경	광록시 소경	True	False	False	0.0	0.0	1.0
PJ-052b	한확	한확	True	False	False	0.0	0.0	1.0
PJ-053a	효령군	효령군	True	False	False	1.0	1.0	0.0
PJ-053b	이보	이보	False	False	False	0.0	0.0	1.0
PJ-054a	효령	효령	False	False	False	0.0	0.0	1.0
PJ-054b	효령대군	효령대군	False	False	False	0.0	0.0	0.0
PJ-055a	왕세자빈	왕세자빈	True	True	True	1.0	1.0	1.0
PJ-055b	휘빈	휘빈	True	True	True	1.0	1.0	1.0
PJ-056a	세자빈	세자빈	False	True	False	0.0	0.0	0.0
PJ-056b	휘빈	휘빈	True	True	True	0.0	1.0	0.0
PJ-057a	원 참의	원 참의	True	False	False	0.0	0.0	0.0
PJ-057b	원숙	원숙	True	False	False	0.0	0.0	1.0
PJ-058a	지여연군사	지여연군사	True	True	True	0.0	1.0	1.0
PJ-058b	이안길	이안길	True	False	False	1.0	0.0	1.0
PJ-059a	우의정	우의정	False	False	False	0.0	0.0	1.0
PJ-059b	이원	이원	True	False	False	0.0	0.0	1.0
PJ-060a	창원군	창원군	True	False	False	1.0	1.0	1.0
PJ-060b	성석린	성석린	False	True	False	1.0	1.0	1.0
PJ-061a	김도련(金道鍊)	김도련	True	True	True	1.0	1.0	1.0
PJ-061b	김도련(金道練)	김도련	True	True	True	1.0	1.0	1.0
PJ-062a	김점(金點)	김점	True	True	True	1.0	1.0	0.0
PJ-062b	김점(金漸)	김점/김점(金漸)	True	True	True	1.0	0.0	0.0
PJ-063a	박안신(朴安信)	박안신	True	True	True	1.0	0.0	1.0
PJ-063b	박안신(朴安臣)	박안신	True	True	True	0.0	1.0	1.0
PJ-064a	최윤덕(崔潤德)	최윤덕	True	False	False	0.0	0.0	1.0
PJ-064b	최윤덕(崔閏德)	최윤덕	True	False	False	0.0	0.0	1.0
PJ-065a	유영(柳頴)	유영	True	True	True	0.0	0.0	1.0
PJ-065b	유영(柳穎)	유영	True	True	True	0.0	0.0	0.0
PJ-066a	김타(金它)	김타	True	True	True	0.0	1.0	0.0
PJ-066b	김타(金沱)	김타	True	True	True	0.0	1.0	1.0
PJ-067a	성엄(成渰)	성엄	True	False	False	1.0	0.0	1.0
PJ-067b	성엄(成揜)	성엄	True	False	False	1.0	0.0	0.0
PJ-068a	박고(朴翶)	박고	True	True	True	1.0	1.0	1.0
PJ-068b	박고(朴翺)	박고/박고(朴翺)	True	True	True	1.0	1.0	1.0
PJ-069a	충경공		False	False	False	1.0	1.0	1.0
PJ-069b	남재	남재	True	False	False	0.0	1.0	1.0
PJ-070a	야은		False	False	False	0.0	0.0	1.0
PJ-070b	길재	길재	True	True	True	0.0	0.0	1.0
PJ-071a	이비(李裶)	이비	True	True	True	0.0	1.0	0.0
PJ-071b	경녕군	경녕군	True	False	False	0.0	0.0	1.0
PJ-072a	원자	원자	True	True	True	0.0	1.0	0.0
PJ-072b	이향	이향	True	True	True	0.0	0.0	0.0
PJ-073a	효령군	효령군	True	False	False	0.0	0.0	1.0
PJ-073b	이보	이보	True	False	False	0.0	0.0	1.0
PJ-074a	건주좌위 도지휘사	건주좌위 도지휘사	True	True	True	0.0	1.0	1.0
PJ-074b	동맹가첩목아	동맹가첩목아	False	False	False	1.0	1.0	1.0
PJ-075a	장천부원군	장천부원군	True	True	True	0.0	0.0	1.0
PJ-075b	이종무	이종무	True	False	False	0.0	0.0	0.0
PJ-076a	이비(李裶)	이비	True	True	True	1.0	1.0	1.0
PJ-076b	이인(李裀)	이인	True	False	False	1.0	0.0	1.0
PJ-077a	효령대군	효령대군	True	True	True	1.0	0.0	1.0
PJ-077b	양녕대군	양녕대군	True	True	True	1.0	0.0	0.0
PJ-078a	이제(李濟)	이제	False	False	False	1.0	0.0	1.0
PJ-078b	이제(李褆)	이제	False	True	False	0.0	0.0	1.0
PJ-079a	이원생	이원생	True	False	False	0.0	0.0	0.0
PJ-079b	이군생	이군생	True	False	False	0.0	0.0	1.0
PJ-080a	이원	이원	True	True	True	0.0	0.0	1.0
PJ-080b	이직	이직	True	True	True	1.0	0.0	1.0
PJ-081a	남은	남은	False	True	False	1.0	0.0	1.0
PJ-081b	남재	남재	False	False	False	1.0	0.0	1.0
PJ-082a	성억	성억	True	False	False	0.0	0.0	0.0
PJ-082b	성엄	성엄	True	False	False	0.0	0.0	0.0
PJ-083a	성억	성억	True	False	False	0.0	0.0	1.0
PJ-083b	성엄	성엄	True	False	False	0.0	0.0	1.0
PJ-084a	허지	허지	True	False	False	1.0	1.0	0.0
PJ-084b	허조	허조	True	False	False	0.0	0.0	1.0
PJ-085a	허해	허해	True	False	False	0.0	0.0	0.0
PJ-085b	허지	허지	True	False	False	0.0	0.0	0.0
PJ-086a	김맹성	김맹성	True	False	False	0.0	1.0	0.0
PJ-086b	맹사성	맹사성	True	True	True	1.0	1.0	1.0
PJ-087a	이맹균	이맹균	True	True	True	0.0	0.0	0.0
PJ-087b	맹사성	맹사성	True	True	True	1.0	1.0	1.0
PJ-088a	이맹균	이맹균	True	False	False	0.0	0.0	1.0
PJ-088b	김맹성	김맹성	True	False	False	0.0	0.0	1.0
PJ-089a	이지실	이지실	True	False	False	0.0	1.0	1.0
PJ-089b	이지강	이지강	True	False	False	1.0	1.0	1.0
PJ-090a	유영	유영	True	True	True	1.0	1.0	1.0
PJ-090b	유관	유관	True	False	False	0.0	1.0	1.0
PJ-091a	서진	서진	True	True	True	1.0	1.0	1.0
PJ-091b	서선	서선	True	False	False	1.0	1.0	1.0
PJ-092a	서선	서선	True	False	False	0.0	0.0	0.0
PJ-092b	서달	서달	True	False	False	0.0	0.0	0.0
PJ-093a	박광연	박광연	True	True	True	1.0	1.0	1.0
PJ-093b	박관	박관	True	False	False	1.0	1.0	1.0
PJ-094a	김익생	김익생	True	False	False	0.0	0.0	0.0
PJ-094b	김익정	김익정	True	True	True	0.0	0.0	0.0
PJ-095a	김자갱	김자갱	True	False	False	0.0	0.0	1.0
PJ-095b	김자	김자	True	False	False	0.0	0.0	0.0
PJ-096a	이징석	이징석	True	False	False	0.0	0.0	1.0
PJ-096b	이징	이징	True	False	False	0.0	0.0	0.0
PJ-097a	심정	심정	True	False	False	0.0	0.0	1.0
PJ-097b	심온	심온	True	False	False	0.0	0.0	0.0
PJ-098a	심정	심정	True	False	False	0.0	1.0	1.0
PJ-098b	심온	심온	True	True	True	1.0	0.0	0.0
PJ-099a	심징	심징	True	False	False	0.0	0.0	0.0
PJ-099b	심정	심정	True	False	False	0.0	0.0	0.0
PJ-100a	원윤(元胤)	원윤	True	False	False	0.0	0.0	0.0
PJ-100b	원숙(元肅)	원숙/원숙(元肅)	True	True	True	0.0	0.0	0.0
PJ-101a	조종생	조종생	True	False	False	1.0	1.0	1.0
PJ-101b	조말생	조말생	True	False	False	1.0	1.0	1.0
PJ-102a	신장	신장	False	False	False	0.0	1.0	0.0
PJ-102b	신상	신상	True	False	False	1.0	1.0	1.0
PJ-103a	신호	신호	True	False	False	0.0	0.0	1.0
PJ-103b	신장	신장	False	False	False	0.0	0.0	1.0
PJ-104a	박습	박습	True	True	True	1.0	0.0	0.0
PJ-104b	박은	박은	True	False	False	0.0	0.0	1.0
PJ-105a	이종선	이종선	True	False	False	1.0	1.0	1.0
PJ-105b	이종무	이종무	True	False	False	1.0	1.0	1.0
PJ-106a	정진(鄭津)	정진	True	True	True	0.0	0.0	1.0
PJ-106b	정연(鄭淵)	정연	True	True	True	1.0	0.0	1.0
PJ-107a	정초(鄭招)	정초	True	False	False	1.0	1.0	0.0
PJ-107b	정진(鄭津)	정진	True	True	True	0.0	0.0	1.0
PJ-108a	유장	유장	True	True	True	0.0	0.0	1.0
PJ-108b	유영	유영	True	True	True	0.0	0.0	0.0
PJ-109a	하경리	하경리	True	False	False	0.0	0.0	1.0
PJ-109b	하경복	하경복	True	False	False	0.0	0.0	1.0
PJ-110a	김자지	김자지	True	False	False	0.0	0.0	0.0
PJ-110b	김여지	김여지	True	False	False	0.0	0.0	1.0
PJ-111a	강상례	강상례	True	True	True	1.0	1.0	1.0
PJ-111b	강상신	강상신	True	True	True	1.0	1.0	1.0
PJ-112a	강상려	강상려	True	True	True	1.0	1.0	1.0
PJ-112b	강상망	강상망	True	True	True	1.0	1.0	1.0
PJ-113a	박의보	박의보	True	True	True	1.0	1.0	1.0
PJ-113b	박의손	박의손	True	True	True	1.0	1.0	1.0
PJ-114a	이각(李慤)	이각	True	False	False	0.0	1.0	1.0
PJ-114b	이관(李灌)	이관	True	True	True	0.0	1.0	1.0
PJ-115a	최관	최관	True	False	False	0.0	0.0	0.0
PJ-115b	최부	최부	True	False	False	0.0	0.0	0.0
PJ-116a	최운(崔沄)	최운	True	False	False	1.0	1.0	1.0
PJ-116b	최견(崔蠲)	최견	True	False	False	0.0	0.0	0.0
PJ-117a	정초	정초	True	False	False	1.0	1.0	0.0
PJ-117b	정연	정연	True	False	False	1.0	1.0	1.0
PJ-118a	성개	성개	True	False	False	0.0	0.0	1.0
PJ-118b	성엄	성엄	True	False	False	0.0	0.0	1.0
PJ-119a	신개	신개	True	False	False	0.0	0.0	1.0
PJ-119b	신상	신상	True	False	False	0.0	0.0	0.0
PJ-120a	황상	황상	True	True	True	0.0	0.0	1.0
PJ-120b	황희	황희	True	False	False	0.0	0.0	1.0
PJ-121a	권담	권담	True	True	True	1.0	1.0	1.0
PJ-121b	권근	권근	True	True	True	1.0	1.0	1.0
PJ-122a	정연	정연	True	True	True	1.0	0.0	0.0
PJ-122b	정역	정역	True	False	False	0.0	0.0	0.0
PJ-123a	이천	이천	False	False	False	1.0	0.0	1.0
PJ-123b	이발	이발	True	False	False	1.0	1.0	1.0
PJ-124a	이백온	이백온	True	False	False	0.0	0.0	1.0
PJ-124b	이백강	이백강	True	True	True	1.0	1.0	1.0
PJ-125a	허성	허성	True	True	True	1.0	0.0	1.0
PJ-125b	허조	허조	True	False	False	0.0	0.0	0.0
PJ-126a	조치	조치	True	False	False	0.0	0.0	1.0
PJ-126b	조비형	조비형	True	True	True	0.0	1.0	1.0
PJ-127a	안숭선	안숭선	True	False	False	0.0	0.0	1.0
PJ-127b	안순	안순	True	False	False	0.0	0.0	1.0
PJ-128a	이순몽	이순몽	True	False	False	1.0	1.0	0.0
PJ-128b	이종무	이종무	True	False	False	1.0	1.0	0.0
PJ-129a	원민생	원민생	True	True	True	0.0	0.0	0.0
PJ-129b	원숙	원숙	True	False	False	0.0	0.0	0.0
PJ-130a	심인봉	심인봉	True	True	True	1.0	1.0	1.0
PJ-130b	심징	심징	True	True	True	1.0	1.0	1.0
PJ-131a	이의생	이의생	True	False	False	0.0	0.0	1.0
PJ-131b	이군생	이군생	True	False	False	0.0	0.0	1.0
PJ-132a	이덕명	이덕명	True	True	True	0.0	1.0	1.0
PJ-132b	이명덕	이명덕	True	False	False	0.0	0.0	0.0
PJ-133a	박고	박고	True	False	False	0.0	0.0	1.0
PJ-133b	박관	박관	True	True	True	0.0	0.0	1.0
PJ-134a	공녕군	공녕군	False	True	False	1.0	0.0	0.0
PJ-134b	경녕군	경녕군	False	False	False	0.0	0.0	1.0
PJ-135a	성녕대군	성녕대군	True	True	True	0.0	1.0	0.0
PJ-135b	양녕대군	양녕대군	True	True	True	0.0	0.0	0.0
PJ-136a	김월하	김월하	True	False	False	0.0	0.0	0.0
PJ-136b	장월하	장월하	True	False	False	0.0	0.0	1.0
PJ-137a	조견	조견	True	True	True	1.0	0.0	1.0
PJ-137b	조연	조연	True	True	True	1.0	0.0	1.0
PJ-138a	박자청	박자청	True	False	False	0.0	0.0	0.0
PJ-138b	박은	박은	True	False	False	0.0	0.0	0.0
PJ-139a	박신(朴信)	박신	True	False	False	0.0	1.0	1.0
PJ-139b	박은(朴訔)	박은/박은(朴訔)	True	True	False	1.0	1.0	1.0
PJ-140a	유관	유관	True	True	True	0.0	0.0	0.0
PJ-140b	유정현	유정현	True	False	False	0.0	0.0	0.0
PJ-141a	정흠지	정흠지	True	False	False	0.0	0.0	1.0
PJ-141b	정초	정초	True	True	True	0.0	0.0	1.0
PJ-142a	안수산	안수산	True	False	False	0.0	0.0	1.0
PJ-142b	안순	안순	True	True	True	0.0	0.0	1.0
PJ-143a	황보인	황보인	True	False	False	0.0	0.0	1.0
PJ-143b	황희	황희	True	False	False	0.0	0.0	1.0
PJ-144a	종정무	종정무	True	True	True	0.0	0.0	0.0
PJ-144b	종정성	종정성	True	True	True	1.0	0.0	1.0
PJ-145a	김자이	김자이	True	False	False	0.0	0.0	1.0
PJ-145b	김자지	김자지	True	False	False	0.0	0.0	0.0
PJ-146a	공비	공비	False	False	False	0.0	0.0	0.0
PJ-146b	대비	대비	True	False	False	0.0	0.0	0.0
PJ-147a	노상왕	노상왕	True	True	True	0.0	0.0	0.0
PJ-147b	태상왕	태상왕	False	True	False	0.0	0.0	0.0
PJ-148a	조치(曺致)	조치	True	False	False	0.0	0.0	1.0
PJ-148b	조치(趙菑)	조치	True	False	False	0.0	0.0	1.0
PJ-149a	박실	박실	True	False	False	0.0	0.0	0.0
PJ-149b	박실	박실	True	True	True	0.0	1.0	1.0
PJ-150a	박신(朴晨)	박신	True	True	True	0.0	1.0	0.0
PJ-150b	박신(朴信)	박신	True	True	True	0.0	0.0	0.0
