id	sub	node_cov	edge_cov	path	hop_ctx	last_entity_node_in_entity_table	gr_em	va_em	names	missing
MH2-001	2hop	1.0	0.0	False	0.0	False	0.0	0.0	강상인 옥사→이지강	
MH2-002	2hop	1.0	1.0	True	0.0	False	0.0	1.0	조말생→권도	
MH2-003	2hop	1.0	1.0	True	0.0	False	0.0	1.0	조말생→정갑손	
MH2-005	2hop	1.0	1.0	True	0.0	False	0.0	0.0	강상인→이종무	
MH2-006	2hop	1.0	0.0	False	0.0	False	0.0	0.0	강상인 옥사→최윤덕	
MH2-007	2hop	1.0	1.0	True	0.0	False	0.0	0.0	홍여방→고약해	
MH2-008	2hop	1.0	1.0	True	1.0	False	0.0	1.0	이원→홍여방	
MH2-009	2hop	0.5	0.0	False	0.0	False	0.0	1.0	정종 국상→정초	정종 국상
MH2-010	2hop	1.0	1.0	True	1.0	False	1.0	1.0	박자청→동맹가첩목아	
MH2-011	2hop	1.0	1.0	True	0.0	False	0.0	1.0	허지→박관	
MH2-012	2hop	1.0	1.0	True	1.0	False	1.0	1.0	수강궁→박자청	
MH2-013	2hop	0.5	0.0	False	0.0	False	0.0	1.0	원경왕후 국상→박자청	원경왕후 국상
MH2-014	2hop	1.0	1.0	True	1.0	False	0.0	1.0	성달생→윤봉	
MH2-015	2hop	1.0	0.0	False	0.0	False	0.0	0.0	정연→조종생	
MH2-016	2hop	1.0	0.0	False	0.0	False	0.0	1.0	최사강→권도	
MH2-017	2hop	1.0	0.0	False	0.0	False	0.0	0.0	조종생→조서로	
MH2-018	2hop	1.0	1.0	True	0.0	False	1.0	1.0	정연→한확	
MH2-020	2hop	1.0	0.0	False	1.0	False	1.0	1.0	강상인 옥사→유정현	
MH2-021	2hop	1.0	0.0	False	0.0	False	0.0	1.0	탁신→권희달	
MH2-022	2hop	1.0	1.0	True	1.0	False	1.0	1.0	이지강→권희달	
MH2-023	2hop	0.5	0.0	False	1.0	False	1.0	1.0	정종 국상→김자지	정종 국상
MH2-024	2hop	1.0	0.0	False	1.0	False	1.0	1.0	조비형→김종서	
MH2-025	2hop	1.0	0.0	False	1.0	False	1.0	1.0	풍양궁→박자청	
MH2-026	2hop	1.0	0.0	False	0.0	False	1.0	1.0	최이→박은	
MH2-027	2hop	1.0	0.0	False	1.0	False	1.0	1.0	박자청→이원	
MH2-028	2hop	1.0	0.0	False	0.0	False	0.0	0.0	김종서→이맹균	
MH2-029	2hop	1.0	0.0	False	1.0	False	1.0	0.0	심온→유정현	
MH2-030	2hop	1.0	0.0	False	0.0	False	0.0	1.0	이맹균→오승	
MH2-031	2hop	1.0	0.0	False	0.0	False	0.0	1.0	윤회→이명덕	
MH2-032	2hop	1.0	0.0	False	0.0	False	0.0	1.0	유영→하연	
MH2-033	2hop	1.0	0.0	False	0.0	False	0.0	0.0	이지강→유영	
MH2-034	2hop	1.0	0.0	False	1.0	False	1.0	1.0	효령대군→정연	
MH2-035	2hop	1.0	1.0	True	0.0	False	0.0	1.0	이순몽→하연	
MH2-036	2hop	1.0	0.0	False	0.0	False	0.0	0.0	심온→한상경	
MH2-037	2hop	1.0	1.0	True	0.0	False	0.0	1.0	성달생→허조	
MH2-038	2hop	0.5	0.0	False	1.0	False	1.0	1.0	중궁 폐위 시도→수강궁	중궁 폐위 시도
MH2-044	2hop	0.5	0.0	False	0.0	False	0.0	0.0	태종 국상→효령대군	태종 국상
MH2-045	2hop	1.0	1.0	True	1.0	False	1.0	1.0	경연→이지강	
MH2-046	2hop	1.0	0.0	False	1.0	False	0.0	0.0	김자지→성달생	
MH2-047	2hop	1.0	1.0	True	0.0	False	0.0	1.0	헌릉→안순	
MH2-048	2hop	1.0	0.0	False	0.0	False	0.0	0.0	이맹균→조비형	
MH2-049	2hop	1.0	0.0	False	0.0	False	0.0	1.0	이맹균→이발	
MH2-050	2hop	1.0	1.0	True	0.0	False	0.0	1.0	이원→조연	
MH2-051	2hop	1.0	1.0	True	0.0	False	0.0	1.0	성엄→최윤덕	
MH2-052	2hop	1.0	1.0	True	1.0	False	0.0	1.0	연사종→조연	
MH2-053	2hop	1.0	1.0	True	1.0	False	1.0	1.0	권희달→서선	
MH2-055	2hop	1.0	0.0	False	0.0	False	0.0	1.0	유관→권진	
MH2-056	2hop	1.0	0.0	False	0.0	False	0.0	0.0	양녕대군→원경왕후	
MH2-057	2hop	1.0	0.0	False	0.0	False	0.0	1.0	신상→이안경	
MH2-058	2hop	1.0	1.0	True	0.0	False	0.0	0.0	광효전→효령대군	
MH2-059	2hop	1.0	0.0	False	0.0	False	0.0	1.0	성엄→서선	
MH2-060	2hop	1.0	0.0	False	0.0	False	1.0	1.0	최이→안순	
MH2-061	2hop	1.0	0.0	False	0.0	False	0.0	0.0	최윤덕→평도전	
MH2-062	2hop	1.0	0.0	False	0.0	False	0.0	0.0	김익정→헌릉	
MH2-063	2hop	1.0	0.0	False	0.0	False	0.0	1.0	경연→권도	
MH2-064	2hop	0.5	0.0	False	1.0	False	1.0	0.0	원경왕후 국상→곽존중	원경왕후 국상
MH2-065	2hop	1.0	0.0	False	0.0	False	0.0	1.0	유계문→박관	
MH2-066	2hop	1.0	1.0	True	1.0	False	1.0	1.0	최사강→박안신	
MH2-067	2hop	1.0	0.0	False	1.0	False	1.0	1.0	원경왕후→효령대군	
MH2-068	2hop	0.5	0.0	False	0.0	False	0.0	1.0	태종 국상→최윤덕	태종 국상
MH2-069	2hop	1.0	1.0	True	0.0	False	0.0	1.0	신상→유영	
MH2-070	2hop	1.0	1.0	True	0.0	False	0.0	1.0	신상→오승	
MH2-071	2hop	1.0	0.0	False	0.0	False	1.0	1.0	박초→이종무	
MH2-072	2hop	1.0	0.0	False	0.0	False	0.0	1.0	이수→탁신	
MH2-073	2hop	0.5	0.0	False	1.0	False	0.0	0.0	탁신→문종	문종
MH2-074	2hop	1.0	0.0	False	0.0	False	0.0	1.0	권도→안숭선	
MH2-075	2hop	1.0	1.0	True	0.0	False	0.0	1.0	이명덕→정연	
MH2-076	2hop	1.0	0.0	False	1.0	False	1.0	1.0	유정현→한상경	
MH2-077	2hop	1.0	0.0	False	0.0	False	0.0	1.0	김점→안순	
MH2-078	2hop	0.5	0.0	False	1.0	False	1.0	1.0	정종 국상→탁신	정종 국상
MH2-079	2hop	0.5	0.0	False	0.0	False	0.0	0.0	성엄→휘빈 김씨	휘빈 김씨
MH2-080	2hop	1.0	1.0	True	0.0	False	0.0	1.0	윤봉→이천	
MH2-081	2hop	1.0	0.0	False	0.0	False	0.0	1.0	황희→김맹성	
MH2-082	2hop	1.0	1.0	True	1.0	False	1.0	1.0	김한로→조말생	
MH2-083	2hop	1.0	0.0	False	1.0	False	1.0	1.0	황엄→신유정	
MH2-084	2hop	1.0	0.0	False	1.0	False	1.0	1.0	이발→김자	
MH2-085	2hop	1.0	0.0	False	1.0	False	1.0	1.0	정종→맹사성	
MH2-086	2hop	1.0	1.0	True	0.0	False	0.0	1.0	유영→박신	
MH2-087	2hop	1.0	0.0	False	0.0	False	0.0	1.0	박은→이방간	
MH2-088	2hop	1.0	0.0	False	1.0	False	1.0	1.0	원경왕후→김용기	
MH2-089	2hop	1.0	0.0	False	0.0	False	0.0	1.0	허지→양녕대군	
MH2-090	2hop	1.0	1.0	True	0.0	False	0.0	1.0	권희달→김익정	
MH2-091	2hop	1.0	1.0	True	0.0	False	0.0	1.0	태평관→한확	
MH2-092	2hop	1.0	0.0	False	1.0	False	0.0	0.0	원민생→동맹가첩목아	
MH2-093	2hop	1.0	1.0	True	0.0	False	0.0	1.0	하연→김한로	
MH2-094	2hop	1.0	1.0	True	1.0	False	1.0	1.0	허조→정흠지	
MH2-095	2hop	1.0	1.0	True	0.0	False	0.0	0.0	양녕대군→최사강	
MH2-096	2hop	1.0	0.0	False	0.0	False	0.0	0.0	홍여방→경녕군	
MH2-097	2hop	1.0	1.0	True	0.0	False	0.0	1.0	원숙→곽승우	
MH2-098	2hop	1.0	1.0	True	1.0	False	0.0	0.0	이명덕→이안경	
MH2-099	2hop	1.0	0.0	False	0.0	False	0.0	1.0	조서로→원민생	
MH2-100	2hop	1.0	0.0	False	0.0	False	0.0	1.0	김익정→남재	
MH3-001	3hop	1.0	1.0	True	0.0	False	0.0	0.0	고약해→권희달→한확	
MH3-002	3hop	1.0	0.0	False	0.0	False	0.0	0.0	김여지→광효전→윤회	
MH3-003	3hop	1.0	0.5	False	0.0	False	0.0	0.0	김자지→유정현→박은	
MH3-004	3hop	1.0	0.5	False	0.0	False	1.0	1.0	김자지→유정현→허조	
MH3-005	3hop	1.0	0.5	False	0.5	False	0.0	0.0	맹사성→변계량→박은	
MH3-006	3hop	1.0	0.5	False	0.0	False	0.0	1.0	맹사성→변계량→원숙	
MH3-007	3hop	1.0	1.0	True	0.0	False	0.0	0.0	박관→김점→이원	
MH3-008	3hop	1.0	0.5	False	0.0	False	0.0	0.0	박신→심온→유정현	
MH3-009	3hop	1.0	1.0	True	0.0	False	0.0	0.0	이명덕→조말생→조비형	
MH3-010	3hop	1.0	1.0	True	0.0	False	0.0	0.0	원숙→변계량→허지	
MH3-011	3hop	1.0	0.5	False	0.0	False	0.0	1.0	윤회→변계량→이천	
MH3-012	3hop	1.0	0.0	False	0.0	False	0.0	0.0	윤회→이원→이지강	
MH3-013	3hop	1.0	0.5	False	0.0	False	0.0	1.0	장윤화→하연→허지	
MH3-014	3hop	1.0	1.0	True	0.5	False	0.0	1.0	변계량→원숙→양녕대군	
MH3-015	3hop	1.0	0.5	False	0.0	False	0.0	0.0	유정현→홍여방→이명덕	
MH3-016	3hop	0.3333333333333333	0.0	False	0.0	False	0.0	1.0	휘빈 김씨→문종→설순	휘빈 김씨/문종
MH3-017	3hop	0.3333333333333333	0.0	False	0.0	False	0.0	1.0	휘빈 김씨→문종→성균관	휘빈 김씨/문종
MH3-018	3hop	1.0	1.0	True	0.0	False	0.0	0.0	서선→서달→허조	
MH3-019	3hop	0.6666666666666666	0.5	False	0.0	False	0.0	0.0	세종 8년 한성 대화재→소헌왕후→심온	세종 8년 한성 대화재
MH3-020	3hop	1.0	1.0	True	0.0	False	0.0	0.0	효령대군→양녕대군→김한로	
MH3-021	3hop	1.0	0.5	False	0.0	False	0.0	1.0	양녕대군→효령대군→정연	
MH3-022	3hop	0.6666666666666666	0.0	False	0.0	False	0.0	0.0	김도련 노비 옥사→김익정→원숙	김도련 노비 옥사
MH3-023	3hop	1.0	0.5	False	0.0	False	0.0	0.0	태평관→유정현→심온	
MH3-024	3hop	1.0	1.0	True	0.0	False	0.0	0.0	태평관→유정현→이직	
MH3-025	3hop	1.0	1.0	True	1.0	False	0.0	1.0	길사순→길재→성균관	
MH3-026	3hop	1.0	0.5	False	0.0	False	0.0	0.0	박은→황엄→경녕군	
MH3-027	3hop	1.0	0.5	False	0.0	False	0.0	0.0	창성→성달생→허조	
MH3-028	3hop	1.0	0.5	False	0.0	False	0.0	0.0	소헌왕후→심온→한상경	
MH3-029	3hop	1.0	1.0	True	0.0	False	0.0	0.0	서선→황희→이직	
MH3-030	3hop	1.0	0.5	False	0.0	False	0.0	0.0	성엄→서선→황희	
MH3-031	3hop	1.0	1.0	True	0.0	False	0.0	1.0	허지→하연→원숙	
MH3-032	3hop	1.0	1.0	True	0.0	False	0.0	1.0	안순→헌릉→조연	
MH3-033	3hop	1.0	1.0	True	0.0	False	0.0	0.0	박자청→헌릉→조연	
MH3-034	3hop	0.6666666666666666	0.0	False	0.0	False	0.0	0.0	성균관→문종→설순	문종
MH3-035	3hop	0.6666666666666666	0.5	False	0.0	False	0.0	0.0	말 1만 필 진헌→태평관→유정현	말 1만 필 진헌
MH3-036	3hop	1.0	1.0	True	0.5	False	0.0	0.0	권희달→서선→황희	
MH3-037	3hop	0.6666666666666666	0.5	False	0.5	False	0.0	0.0	영락제 붕어와 조선 공녀 순사→안순→안숭선	영락제 붕어와 조선 공녀 순사
MH3-038	3hop	1.0	0.0	False	0.0	False	0.0	0.0	광효전→원경왕후→양녕대군	
MH3-039	3hop	1.0	0.5	False	0.0	False	0.0	0.0	이명덕→황희→서달	
MH3-040	3hop	1.0	1.0	True	0.5	False	0.0	0.0	이직→황희→서달	
MH3-041	3hop	1.0	0.5	False	0.5	False	0.0	0.0	안순→유정현→심온	
MH3-042	3hop	0.6666666666666666	0.0	False	0.0	False	0.0	1.0	이천→태종 국상→수강궁	태종 국상
MH3-043	3hop	1.0	0.5	False	0.0	False	0.0	1.0	소헌왕후→심온→권진	
MH3-044	3hop	0.6666666666666666	0.0	False	0.0	False	0.0	1.0	원경왕후 국상→조비형→성달생	원경왕후 국상
MH3-045	3hop	1.0	1.0	True	0.0	False	0.0	0.0	박은→황엄→한확	
MH3-046	3hop	1.0	1.0	True	0.0	False	0.0	1.0	이맹균→유계문→동맹가첩목아	
MH3-047	3hop	0.6666666666666666	0.0	False	0.0	False	0.0	0.0	이발→태종 국상→유정현	태종 국상
MH3-048	3hop	1.0	1.0	True	0.0	False	0.0	0.0	박자청→헌릉→변계량	
MH3-049	3hop	1.0	1.0	True	0.0	False	0.0	0.0	곽존중→조서로→조말생	
MH3-050	3hop	1.0	0.5	False	0.0	False	0.0	0.0	허지→하연→장윤화	
MH3-051	3hop	0.6666666666666666	0.0	False	0.0	False	0.0	1.0	한확→세종 9년 공녀 진헌→성달생	세종 9년 공녀 진헌
MH3-052	3hop	0.6666666666666666	0.0	False	0.0	False	0.0	0.0	한확→영락제 붕어와 조선 공녀 순사→안순	영락제 붕어와 조선 공녀 순사
MH3-053	3hop	1.0	1.0	True	0.0	False	0.0	0.0	이지강→권희달→박실	
MH3-054	3hop	1.0	0.0	False	0.0	False	0.0	0.0	이맹균→원경왕후→효령대군	
MH3-055	3hop	1.0	1.0	True	0.0	False	0.0	0.0	이예→박안신→곽승우	
MH3-056	3hop	0.3333333333333333	0.0	False	0.0	False	0.0	0.0	최윤덕→휘빈 김씨→문종	휘빈 김씨/문종
MH3-057	3hop	1.0	0.5	False	0.0	False	0.0	0.0	최이→안순→안숭선	
MH3-058	3hop	0.6666666666666666	0.0	False	0.0	False	0.0	1.0	김타→수령육기법 논쟁→신장	수령육기법 논쟁
MH3-059	3hop	1.0	0.5	False	0.0	False	0.0	0.0	탁신→권희달→박실	
MH3-060	3hop	1.0	1.0	True	0.0	False	0.0	0.0	유계문→동맹가첩목아→하경복	
MH3-061	3hop	1.0	0.5	False	0.0	False	0.0	0.0	성엄→서선→서달	
MH3-062	3hop	0.6666666666666666	0.0	False	0.0	False	0.0	0.0	유정현→태종 국상→신궁	태종 국상
MH3-063	3hop	1.0	1.0	True	0.0	False	0.0	0.0	이원→박은→평도전	
MH3-066	3hop	1.0	0.0	False	0.0	False	1.0	0.0	권진→하연→장윤화	
MH3-067	3hop	0.6666666666666666	0.0	False	0.0	False	0.0	0.0	문종→이맹균→조비형	문종
MH3-068	3hop	0.6666666666666666	0.0	False	0.0	False	0.0	0.0	김도련 노비 옥사→김익정→조서로	김도련 노비 옥사
MH3-069	3hop	1.0	0.5	False	0.0	False	0.0	0.0	이순몽→양녕대군→김한로	
MH3-070	3hop	1.0	0.0	False	0.0	False	0.0	0.0	효령대군→원경왕후→풍양궁	
MH3-071	3hop	1.0	1.0	True	0.5	False	0.0	0.0	장윤화→박은→낙천정	
MH3-072	3hop	1.0	0.5	False	0.0	False	0.0	1.0	박안신→성엄→최윤덕	
MH3-073	3hop	1.0	1.0	True	0.5	False	0.0	0.0	원민생→황엄→한확	
MH3-074	3hop	1.0	0.0	False	0.0	False	0.0	1.0	최윤덕→도성 수축→맹사성	
MH3-075	3hop	1.0	1.0	True	0.5	False	0.0	0.0	이천→백언→창성	
MH3-076	3hop	1.0	0.0	False	0.5	False	1.0	1.0	원경왕후→광효전→이원	
MH3-077	3hop	1.0	0.5	False	0.0	False	0.0	1.0	김익정→헌릉→안순	
MH3-078	3hop	1.0	0.0	False	0.0	False	0.0	0.0	한상경→심온→권진	
MH3-079	3hop	0.6666666666666666	0.0	False	0.0	False	0.0	0.0	허조→부민고소금지법→유계문	부민고소금지법
MH3-080	3hop	1.0	0.5	False	0.0	False	0.0	1.0	조비형→이맹균→유계문	
MH3-081	3hop	1.0	1.0	True	0.0	False	0.0	0.0	조연→헌릉→변계량	
MH3-082	3hop	0.6666666666666666	0.0	False	1.0	False	1.0	1.0	황보인→세종 4년 대기근→이명덕	세종 4년 대기근
MH3-083	3hop	0.6666666666666666	0.5	False	0.0	False	0.0	1.0	저화 유통 위기→유정현→이직	저화 유통 위기
MH3-084	3hop	0.6666666666666666	0.0	False	0.0	False	0.0	0.0	김점 탐오 사건→윤회→이명덕	김점 탐오 사건
MH3-085	3hop	0.6666666666666666	0.0	False	0.0	False	0.0	1.0	김자→문종→이맹균	문종
MH3-086	3hop	1.0	1.0	True	0.5	False	0.0	0.0	박습→박은→이원	
MH3-087	3hop	1.0	0.5	False	0.0	False	0.0	0.0	규주→이예→종정성	
MH3-088	3hop	0.6666666666666666	0.0	False	0.0	False	0.0	0.0	김점 탐오 사건→윤회→남재	김점 탐오 사건
MH3-089	3hop	0.6666666666666666	0.5	False	0.0	False	0.0	0.0	수령육기법 논쟁→신장→변계량	수령육기법 논쟁
MH3-090	3hop	1.0	1.0	True	0.0	False	0.0	0.0	서달→서선→권희달	
MH3-091	3hop	0.6666666666666666	0.0	False	0.0	False	0.0	0.0	임군례 옥사→이지강→영녕전	임군례 옥사
MH3-092	3hop	1.0	0.5	False	0.5	False	0.0	0.0	신유정→조연→연사종	
MH3-093	3hop	0.6666666666666666	0.0	False	0.5	False	0.0	0.0	김용기→태종 국상→신궁	태종 국상
MH3-094	3hop	0.6666666666666666	0.0	False	0.0	False	0.0	0.0	양녕대군 이천 환원 논쟁→하연→장윤화	양녕대군 이천 환원 논쟁
MH3-095	3hop	0.6666666666666666	0.0	False	0.0	False	0.0	0.0	양녕대군 이천 환원 논쟁→하연→홍여방	양녕대군 이천 환원 논쟁
MH3-096	3hop	1.0	1.0	True	0.0	False	0.0	0.0	집현전→박은→황엄	
MH3-097	3hop	1.0	1.0	True	0.5	False	0.0	0.0	송희경→박안신→곽승우	
MH3-098	3hop	0.6666666666666666	0.0	False	0.0	False	0.0	0.0	대장경 목판 요구 사건→박안신→성엄	대장경 목판 요구 사건
MH3-099	3hop	0.6666666666666666	0.0	False	0.5	False	0.0	0.0	임군례 옥사→이지강→김여지	임군례 옥사
MH3-100	3hop	0.6666666666666666	0.5	False	0.5	False	0.0	0.0	길재→성균관→문종	문종
MH5-001	5hop	0.6	0.0	False	0.25	False	0.0	0.0	휘빈 김씨→문종→이맹균→원경왕후→효령대군	휘빈 김씨/문종
MH5-002	5hop	0.6	0.5	False	0.5	False	0.0	0.0	길사순→길재→성균관→문종→휘빈 김씨	문종/휘빈 김씨
MH5-003	5hop	0.6	0.25	False	0.25	False	0.0	0.0	서선→서달→김자→문종→휘빈 김씨	문종/휘빈 김씨
MH5-004	5hop	0.8	0.25	False	0.0	False	0.0	0.0	한확→영락제 붕어와 조선 공녀 순사→안순→안숭선→권도	영락제 붕어와 조선 공녀 순사
MH5-005	5hop	0.8	0.25	False	0.0	False	0.0	0.0	사헌부 유배 사건→이명덕→황희→서선→성엄	사헌부 유배 사건
MH5-006	5hop	1.0	0.25	False	0.0	False	0.0	1.0	김한로→양녕대군→원경왕후→풍양궁→박자청	
MH5-007	5hop	1.0	1.0	True	0.0	False	0.0	0.0	안숭선→안순→헌릉→조연→연사종	
MH5-008	5hop	1.0	0.25	False	0.0	False	0.0	0.0	서달→황희→이명덕→도성 수축→이천	
MH5-009	5hop	0.8	0.25	False	0.0	False	0.0	0.0	황엄→한확→세종 9년 공녀 진헌→성달생→김자지	세종 9년 공녀 진헌
MH5-010	5hop	1.0	1.0	True	0.0	False	0.0	0.0	이종무→권희달→서선→황희→이직	
MH5-011	5hop	1.0	0.75	False	0.0	False	0.0	0.0	조서로→곽존중→유정현→심온→소헌왕후	
MH5-012	5hop	1.0	0.25	False	0.0	False	0.0	0.0	소헌왕후→심온→강상인 옥사→이지강→유영	
MH5-013	5hop	1.0	0.75	False	0.0	False	0.0	0.0	서선→서달→허조→성달생→김자지	
MH5-014	5hop	1.0	0.5	False	0.0	False	0.0	0.0	성엄→서선→서달→이맹균→조비형	
MH5-015	5hop	0.8	0.5	False	0.0	False	0.0	0.0	안숭선→안순→유정현→태종 국상→헌릉	태종 국상
MH5-016	5hop	1.0	0.75	False	0.0	False	0.0	0.0	하연→유영→양녕대군→효령대군→광효전	
MH5-017	5hop	1.0	0.25	False	0.0	False	0.0	0.0	이지강→유영→양녕대군→원경왕후→광효전	
MH5-018	5hop	1.0	0.25	False	0.0	False	0.0	0.0	장윤화→하연→경녕군→양녕대군→김한로	
MH5-019	5hop	1.0	0.75	False	0.0	False	0.0	0.0	김도련→이원→박은→심온→소헌왕후	
MH5-020	5hop	0.8	0.0	False	0.25	False	0.0	0.0	곽승우→원경왕후→효령대군→태종 부묘→탁신	태종 부묘
MH5-021	5hop	1.0	0.25	False	0.0	False	1.0	0.0	원숙→김익정→헌릉→안순→최이	
MH5-022	5hop	1.0	0.25	False	0.0	False	0.0	0.0	황엄→한확→곽승우→원경왕후→양녕대군	
MH5-023	5hop	0.8	0.0	False	0.25	False	0.0	0.0	강상인 옥사→심온→유정현→태종 국상→신궁	태종 국상
MH5-024	5hop	0.8	0.5	False	0.0	False	0.0	0.0	낙천정→박은→이원→태종 국상→헌릉	태종 국상
MH5-025	5hop	1.0	0.25	False	0.0	False	0.0	0.0	이명덕→도성 수축→박자청→헌릉→원경왕후	
MH5-026	5hop	0.8	0.5	False	0.0	False	0.0	0.0	성엄→최윤덕→태종 국상→헌릉→안순	태종 국상
MH5-027	5hop	0.6	0.0	False	0.0	False	0.0	0.0	한확→영락제 붕어와 조선 공녀 순사→최이→김훈 옥사→정종	영락제 붕어와 조선 공녀 순사/김훈 옥사
MH5-028	5hop	0.6	0.25	False	0.25	False	1.0	1.0	적휴 도망 사건→서선→황희→세종 5년 대기근→김종서	적휴 도망 사건/세종 5년 대기근
MH5-029	5hop	1.0	0.5	False	0.0	False	0.0	0.0	원경왕후→광효전→이원→조연→연사종	
MH5-030	5hop	1.0	0.25	False	0.25	False	0.0	1.0	심온→강상인 옥사→최윤덕→성엄→서선	
MH5-031	5hop	1.0	0.25	False	0.0	False	0.0	0.0	김자지→성달생→강상인 옥사→이지강→영녕전	
MH5-032	5hop	0.8	0.25	False	0.0	False	0.0	0.0	연사종→조연→김도련 노비 옥사→김익정→조서로	김도련 노비 옥사
MH5-033	5hop	0.6	0.0	False	0.0	False	0.0	1.0	세자 조현 무산→문종→이맹균→조비형→성달생	세자 조현 무산/문종
MH5-034	5hop	0.8	0.75	False	0.0	False	0.0	0.0	태종 부묘→이원→박은→황엄→한확	태종 부묘
MH5-035	5hop	0.8	0.25	False	0.0	False	0.0	1.0	사헌부 유배 사건→이명덕→하연→조서로→곽존중	사헌부 유배 사건
MH5-036	5hop	0.8	0.75	False	0.25	False	0.0	0.0	조연→헌릉→변계량→신장→문종	문종
MH5-037	5hop	1.0	0.75	False	0.0	False	0.0	1.0	박안신→성엄→최윤덕→낙천정→박은	
MH5-038	5hop	1.0	0.25	False	0.0	False	0.0	0.0	고약해→이명덕→도성 수축→최윤덕→낙천정	
MH5-039	5hop	0.8	0.25	False	0.0	False	0.0	0.0	권희달→이종무→강상인 옥사→최윤덕→휘빈 김씨	휘빈 김씨
MH5-040	5hop	0.6	0.25	False	0.25	False	0.0	1.0	사사노비 혁파→수강궁→태종 국상→이천→윤봉	사사노비 혁파/태종 국상
MH5-041	5hop	0.8	0.5	False	0.0	False	0.0	0.0	성균관→문종→이맹균→유계문→동맹가첩목아	문종
MH5-042	5hop	1.0	0.25	False	0.0	False	0.0	0.0	오승→이맹균→원경왕후→광효전→효령대군	
MH5-043	5hop	0.6	0.25	False	0.0	False	0.0	1.0	기해동정→유정현→이직→영락제 붕어와 조선 공녀 순사→안순	기해동정/영락제 붕어와 조선 공녀 순사
MH5-044	5hop	0.8	0.75	False	0.0	False	0.0	1.0	세종 5년 대기근→황희→이직→박안신→이예	세종 5년 대기근
MH5-045	5hop	0.8	0.5	False	0.25	False	0.0	0.0	중궁 폐위 시도→박은→평도전→종정성→종정무	중궁 폐위 시도
MH5-046	5hop	0.8	0.25	False	0.0	False	0.0	0.0	세종 7년 가뭄과 세종의 병→원민생→황엄→경녕군→양녕대군	세종 7년 가뭄과 세종의 병
MH5-047	5hop	1.0	0.75	False	0.0	False	0.0	0.0	고명→태평관→박자청→헌릉→조연	
MH5-048	5hop	0.6	0.25	False	0.0	False	0.0	1.0	세자 조현 무산→문종→탁신→권희달→서선	세자 조현 무산/문종
MH5-049	5hop	0.8	0.25	False	0.0	False	0.0	0.0	경자자→김익정→조서로→권도→최사강	경자자
MH5-050	5hop	1.0	0.5	False	0.0	False	0.0	0.0	조서로→곽존중→김종서→이맹균→이발	
MH5-051	5hop	1.0	0.5	False	0.0	False	0.0	0.0	한상경→심온→황엄→경녕군→낙천정	
MH5-052	5hop	1.0	0.0	False	0.0	False	0.0	0.0	조종생→조서로→김익정→헌릉→원경왕후	
MH5-053	5hop	0.8	0.25	False	0.0	False	0.0	0.0	최윤덕→곽승우→한확→세종 9년 공녀 진헌→백언	세종 9년 공녀 진헌
MH5-054	5hop	0.8	0.5	False	0.0	False	0.0	0.0	기해동정→유정현→심온→황엄→원민생	기해동정
MH5-055	5hop	0.8	0.25	False	0.0	False	0.0	0.0	사사노비 혁파→허조→성달생→창성→이맹균	사사노비 혁파
MH5-056	5hop	0.8	0.75	False	0.25	False	0.0	0.0	부민고소금지법→허조→성달생→윤봉→백언	부민고소금지법
MH5-057	5hop	1.0	0.0	False	0.0	False	0.0	0.0	풍양궁→박자청→이원→강상인 옥사→최윤덕	
MH5-058	5hop	1.0	0.25	False	0.25	False	0.0	0.0	박실→이종무→강상인 옥사→이지강→김여지	
MH5-059	5hop	1.0	0.75	False	0.0	False	0.0	1.0	하연→홍여방→고약해→권희달→서선	
MH5-060	5hop	0.8	0.25	False	0.0	False	0.0	1.0	유정현→이직→임군례 옥사→이지강→김여지	임군례 옥사
MH5-061	5hop	0.8	0.25	False	0.0	False	0.0	0.0	세종 9년 공녀 진헌→한확→곽승우→원숙→김익정	세종 9년 공녀 진헌
MH5-062	5hop	0.8	0.5	False	0.0	False	0.0	0.0	법손노비 혁파→허지→하연→원숙→성엄	법손노비 혁파
MH5-063	5hop	0.8	0.5	False	0.0	False	0.0	0.0	세종 4년 대기근→이명덕→조말생→권도→최사강	세종 4년 대기근
MH5-064	5hop	0.8	0.25	False	0.25	False	0.0	0.0	김종서→조비형→원경왕후 국상→박자청→태평관	원경왕후 국상
MH5-065	5hop	1.0	0.5	False	0.25	False	0.0	0.0	경녕군→광효전→이원→안순→최이	
MH5-066	5hop	0.8	0.0	False	0.0	False	0.0	0.0	말 5000필 교역→창성→이맹균→원경왕후→헌릉	말 5000필 교역
MH5-067	5hop	0.8	0.5	False	0.5	False	0.0	0.0	황보인→세종 4년 대기근→이명덕→황엄→원민생	세종 4년 대기근
MH5-068	5hop	0.8	0.0	False	0.0	False	0.0	0.0	유영→하연→경녕군→원경왕후 국상→조비형	원경왕후 국상
MH5-069	5hop	0.6	0.25	False	0.0	False	0.0	0.0	고약해→김타→수령육기법 논쟁→신장→문종	수령육기법 논쟁/문종
MH5-070	5hop	0.6	0.0	False	0.25	False	0.0	0.0	권채 비첩 학대 사건→정흠지→조종생→세종 7년 동전 유통→김타	권채 비첩 학대 사건/세종 7년 동전 유통
MH5-071	5hop	1.0	0.75	False	0.0	False	0.0	0.0	박관→경녕군→낙천정→박은→평도전	
MH5-072	5hop	1.0	0.5	False	0.0	False	0.0	0.0	서달→허조→유영→하연→홍여방	
MH5-073	5hop	1.0	0.75	False	0.25	False	1.0	0.0	권도→정갑손→신상→종정성→종정무	
MH5-074	5hop	0.8	0.5	False	0.0	False	0.0	0.0	정연→한확→세종 9년 공녀 진헌→고약해→김타	세종 9년 공녀 진헌
MH5-075	5hop	0.6	0.0	False	0.0	False	0.0	0.0	경자자→이천→태종 국상→효령대군→정연	경자자/태종 국상
MH5-076	5hop	1.0	0.25	False	0.0	False	0.0	0.0	신유정→조연→이안경→권도→최사강	
MH5-077	5hop	0.8	0.25	False	0.0	False	0.0	0.0	영락제 붕어와 조선 공녀 순사→최이→박은→심온→한상경	영락제 붕어와 조선 공녀 순사
MH5-078	5hop	1.0	0.75	False	0.25	False	0.0	0.0	낙천정→변계량→이명덕→고약해→김타	
MH5-079	5hop	0.8	0.5	False	0.25	False	0.0	0.0	김맹성→곽존중→김점 탐오 사건→박안신→이예	김점 탐오 사건
MH5-080	5hop	0.6	0.25	False	0.0	False	0.0	0.0	태종 국상→이원→안순→영락제 붕어와 조선 공녀 순사→원민생	태종 국상/영락제 붕어와 조선 공녀 순사
MH5-081	5hop	0.8	0.5	False	0.0	False	0.0	0.0	권희달→이종무→김자지→무릉도 안무→좌위문대랑	무릉도 안무
MH5-082	5hop	1.0	0.75	False	0.0	False	1.0	1.0	도성 수축→최윤덕→곽승우→박안신→이예	
MH5-083	5hop	1.0	0.5	False	0.0	False	0.0	0.0	도성 수축→최윤덕→평도전→박은→황엄	
MH5-084	5hop	1.0	0.25	False	0.25	False	0.0	0.0	조치→성엄→원숙→홍여방→고약해	
MH5-085	5hop	0.8	0.0	False	0.0	False	0.0	0.0	효령대군→정연→조종생→세종 7년 동전 유통→탁신	세종 7년 동전 유통
MH5-086	5hop	0.8	0.25	False	0.0	False	0.0	0.0	최이→김훈 옥사→이종무→정연→조종생	김훈 옥사
MH5-087	5hop	1.0	1.0	True	0.0	False	0.0	1.0	헌릉→변계량→이명덕→황엄→윤봉	
MH5-088	5hop	0.8	0.25	False	0.0	False	0.0	0.0	문종 세자 책봉→박은→심온→권진→하연	문종 세자 책봉
MH5-089	5hop	0.8	0.75	False	0.0	False	0.0	0.0	김훈 옥사→이종무→권희달→박관→조서로	김훈 옥사
MH5-090	5hop	1.0	0.75	False	0.0	False	0.0	0.0	동맹가첩목아→박자청→이원→조연→이안경	
MH5-091	5hop	1.0	0.75	False	0.0	False	0.0	0.0	고명→태평관→박자청→허지→이방간	
MH5-092	5hop	1.0	0.75	False	0.0	False	0.0	0.0	곽승우→원숙→성달생→윤봉→이맹균	
MH5-093	5hop	0.8	0.5	False	0.0	False	0.0	0.0	세종 6년 불교 통폐합→윤회→조말생→정갑손→신상	세종 6년 불교 통폐합
MH5-094	5hop	0.8	0.5	False	0.0	False	0.0	0.0	홍여방→이원→김점 탐오 사건→곽존중→김종서	김점 탐오 사건
MH5-095	5hop	0.8	0.25	False	0.0	False	0.0	0.0	광효전→이원→김점 탐오 사건→변계량→신장	김점 탐오 사건
MH5-096	5hop	1.0	0.75	False	0.0	False	0.0	1.0	김한로→허지→박자청→이원→안순	
MH5-097	5hop	1.0	1.0	True	0.0	False	0.0	0.0	양녕대군→김한로→박관→조서로→권도	
MH5-098	5hop	1.0	0.5	False	0.0	False	0.0	0.0	심온→권진→백언→창성→성달생	
MH5-099	5hop	1.0	0.0	False	0.0	False	0.0	1.0	황희→이명덕→하연→경녕군→박관	
MH5-100	5hop	1.0	0.5	False	0.0	False	0.0	0.0	이명덕→황엄→경녕군→박관→권희달	
MH7-001	7hop	0.8571428571428571	0.6666666666666666	False	0.0	False	0.0	0.0	황희→서선→권희달→한확→영락제 붕어와 조선 공녀 순사→안순→안숭선	영락제 붕어와 조선 공녀 순사
MH7-002	7hop	0.8571428571428571	0.3333333333333333	False	0.3333333333333333	False	0.0	0.0	길사순→길재→성균관→문종→이맹균→원경왕후→효령대군	문종
MH7-003	7hop	0.8571428571428571	0.5	False	0.0	False	0.0	0.0	장윤화→박은→황엄→한확→세종 9년 공녀 진헌→성달생→김자지	세종 9년 공녀 진헌
MH7-004	7hop	0.7142857142857143	0.3333333333333333	False	0.0	False	0.0	0.0	탁신→권희달→서선→서달→김자→문종→휘빈 김씨	문종/휘빈 김씨
MH7-005	7hop	0.8571428571428571	0.5	False	0.0	False	0.0	0.0	고명→태평관→유정현→태종 국상→헌릉→안순→안숭선	태종 국상
MH7-006	7hop	0.7142857142857143	0.0	False	0.0	False	0.0	0.0	심온→강상인 옥사→최윤덕→휘빈 김씨→문종→이맹균→이발	휘빈 김씨/문종
MH7-007	7hop	0.7142857142857143	0.5	False	0.3333333333333333	False	0.0	0.0	김도련→조연→헌릉→변계량→신장→문종→휘빈 김씨	문종/휘빈 김씨
MH7-008	7hop	1.0	0.3333333333333333	False	0.0	False	0.0	0.0	이종무→강상인 옥사→최윤덕→성엄→서선→서달→김종서	
MH7-009	7hop	1.0	0.3333333333333333	False	0.0	False	0.0	0.0	박실→이종무→강상인 옥사→이지강→유영→양녕대군→원경왕후	
MH7-010	7hop	0.8571428571428571	0.3333333333333333	False	0.0	False	0.0	0.0	태종 부묘→이원→박은→황엄→경녕군→하연→유영	태종 부묘
MH7-011	7hop	0.8571428571428571	0.0	False	0.0	False	0.0	0.0	경자자→김익정→원숙→성달생→창성→이맹균→이발	경자자
MH7-012	7hop	0.7142857142857143	0.16666666666666666	False	0.0	False	0.0	0.0	연사종→김도련 노비 옥사→김익정→헌릉→안순→영락제 붕어와 조선 공녀 순사→원민생	김도련 노비 옥사/영락제 붕어와 조선 공녀 순사
MH7-013	7hop	0.8571428571428571	0.16666666666666666	False	0.0	False	0.0	0.0	강상인 옥사→최윤덕→곽승우→원경왕후→효령대군→태종 부묘→탁신	태종 부묘
MH7-014	7hop	0.5714285714285714	0.16666666666666666	False	0.16666666666666666	False	1.0	0.0	말 1만 필 진헌→허조→성달생→김자지→무릉도 안무→좌위문대랑→삼포	말 1만 필 진헌/무릉도 안무/삼포
MH7-015	7hop	1.0	0.5	False	0.0	False	0.0	0.0	최윤덕→곽승우→한확→황엄→경녕군→양녕대군→김한로	
MH7-016	7hop	0.7142857142857143	0.16666666666666666	False	0.0	False	0.0	0.0	고약해→김타→수령육기법 논쟁→신장→문종→이맹균→조비형	수령육기법 논쟁/문종
MH7-017	7hop	0.8571428571428571	0.3333333333333333	False	0.0	False	0.0	0.0	헌릉→안순→최이→김훈 옥사→이종무→김자지→성달생	김훈 옥사
MH7-018	7hop	1.0	0.6666666666666666	False	0.0	False	0.0	0.0	이안경→이명덕→도성 수축→최윤덕→낙천정→변계량→유관	
MH7-019	7hop	0.8571428571428571	0.6666666666666666	False	0.0	False	0.0	0.0	중궁 폐위 시도→수강궁→박자청→동맹가첩목아→유계문→이맹균→이발	중궁 폐위 시도
MH7-020	7hop	0.8571428571428571	0.5	False	0.0	False	0.0	0.0	양녕대군 이천 환원 논쟁→하연→장윤화→박은→평도전→종정성→종정무	양녕대군 이천 환원 논쟁
MH7-021	7hop	1.0	0.6666666666666666	False	0.0	False	0.0	0.0	좌위문대랑→박안신→성엄→최윤덕→낙천정→박은→황엄	
MH7-022	7hop	0.8571428571428571	0.0	False	0.0	False	0.0	0.0	권채 비첩 학대 사건→정흠지→조종생→조서로→김익정→헌릉→원경왕후	권채 비첩 학대 사건
MH7-023	7hop	0.8571428571428571	0.6666666666666666	False	0.0	False	0.0	0.0	법손노비 혁파→허지→하연→원숙→성달생→윤봉→백언	법손노비 혁파
MH7-024	7hop	1.0	0.5	False	0.0	False	0.0	0.0	목진공→안순→안숭선→이명덕→도성 수축→박자청→헌릉	
MH7-025	7hop	0.8571428571428571	0.6666666666666666	False	0.0	False	0.0	0.0	태종 부묘→이원→양녕대군→김한로→박관→조서로→김익정	태종 부묘
MH7-026	7hop	0.8571428571428571	0.16666666666666666	False	0.0	False	0.0	0.0	원경왕후→광효전→효령대군→정연→조종생→세종 7년 동전 유통→탁신	세종 7년 동전 유통
MH7-027	7hop	0.5714285714285714	0.0	False	0.16666666666666666	False	1.0	0.0	안숭선→영락제 붕어와 조선 공녀 순사→이직→임군례 옥사→이지강→좌위문대랑→삼포	영락제 붕어와 조선 공녀 순사/임군례 옥사/삼포
MH7-028	7hop	0.8571428571428571	0.3333333333333333	False	0.0	False	0.0	0.0	오승→영락제 붕어와 조선 공녀 순사→이직→박안신→이예→종정성→평도전	영락제 붕어와 조선 공녀 순사
MH7-029	7hop	1.0	0.6666666666666666	False	0.0	False	0.0	0.0	김익정→조서로→권도→정갑손→신상→종정성→종정무	
MH7-030	7hop	0.5714285714285714	0.16666666666666666	False	0.0	False	0.0	0.0	김도련 노비 옥사→정연→한확→영락제 붕어와 조선 공녀 순사→최이→김훈 옥사→정종	김도련 노비 옥사/영락제 붕어와 조선 공녀 순사/김훈 옥사
MH7-031	7hop	0.8571428571428571	0.6666666666666666	False	0.0	False	0.0	0.0	김맹성→곽존중→유정현→이직→임군례 옥사→황엄→원민생	임군례 옥사
MH7-032	7hop	0.7142857142857143	0.16666666666666666	False	0.16666666666666666	False	0.0	0.0	김훈 옥사→이종무→정연→김도련 노비 옥사→김익정→원숙→성엄	김훈 옥사/김도련 노비 옥사
MH7-033	7hop	0.8571428571428571	0.5	False	0.0	False	0.0	0.0	부민고소금지법→유계문→동맹가첩목아→박자청→헌릉→원경왕후→광효전	부민고소금지법
MH7-034	7hop	0.8571428571428571	0.5	False	0.0	False	0.0	0.0	기해동정→박은→원숙→하연→조서로→권도→최사강	기해동정
MH7-035	7hop	1.0	0.5	False	0.0	False	0.0	0.0	경녕군→광효전→이원→조연→이안경→권도→최사강	
MH7-036	7hop	1.0	0.5	False	0.0	False	0.0	0.0	윤회→원숙→성엄→최윤덕→도성 수축→박자청→태평관	
MH7-037	7hop	0.7142857142857143	0.3333333333333333	False	0.0	False	0.0	0.0	세종 9년 공녀 진헌→성달생→허조→부민고소금지법→유계문→이맹균→원경왕후	세종 9년 공녀 진헌/부민고소금지법
MH7-038	7hop	0.7142857142857143	0.5	False	0.0	False	0.0	0.0	세종 5년 대기근→김종서→곽존중→김점 탐오 사건→박안신→이예→종정무	세종 5년 대기근/김점 탐오 사건
MH7-039	7hop	1.0	0.8333333333333334	False	0.0	False	0.0	0.0	평도전→성달생→허조→유영→이지강→권희달→이종무	
MH7-040	7hop	0.7142857142857143	0.3333333333333333	False	0.16666666666666666	False	0.0	0.0	사헌부 유배 사건→유정현→심온→황엄→원민생→영락제 붕어와 조선 공녀 순사→최이	사헌부 유배 사건/영락제 붕어와 조선 공녀 순사
MH7-041	7hop	0.8571428571428571	0.5	False	0.0	False	0.0	0.0	조치→법손노비 혁파→허지→박자청→이원→양녕대군→효령대군	법손노비 혁파
MH7-042	7hop	1.0	0.6666666666666666	False	0.0	False	0.0	0.0	이방간→허지→박관→경녕군→홍여방→고약해→김타	
MH7-043	7hop	0.8571428571428571	0.16666666666666666	False	0.0	False	0.0	0.0	오승→영락제 붕어와 조선 공녀 순사→안순→최이→박은→심온→한상경	영락제 붕어와 조선 공녀 순사
MH7-044	7hop	1.0	0.3333333333333333	False	0.0	False	0.0	0.0	풍양궁→박자청→이원→박은→심온→권진→하연	
MH7-045	7hop	1.0	0.16666666666666666	False	0.0	False	0.0	1.0	김여지→이지강→좌위문대랑→박안신→곽승우→원경왕후→풍양궁	
MH7-046	7hop	1.0	0.5	False	0.16666666666666666	False	0.0	0.0	곽승우→박안신→이예→박관→경녕군→황엄→원민생	
MH7-047	7hop	0.8571428571428571	0.3333333333333333	False	0.0	False	0.0	1.0	백언→창성→성달생→조비형→원경왕후 국상→박자청→허지	원경왕후 국상
MH7-048	7hop	0.7142857142857143	0.3333333333333333	False	0.0	False	0.0	1.0	원민생→영락제 붕어와 조선 공녀 순사→이직→황희→세종 5년 대기근→박관→허지	영락제 붕어와 조선 공녀 순사/세종 5년 대기근
MH7-049	7hop	1.0	0.6666666666666666	False	0.0	False	0.0	0.0	신장→변계량→이명덕→도성 수축→이천→백언→창성	
MH7-050	7hop	0.8571428571428571	0.5	False	0.16666666666666666	False	0.0	0.0	김용기→태종 국상→유정현→이직→황희→서달→김자	태종 국상
MH7-051	7hop	1.0	0.5	False	0.0	False	0.0	0.0	백언→윤봉→이맹균→원경왕후→광효전→박은→심온	
MH7-053	7hop	0.7142857142857143	0.16666666666666666	False	0.0	False	0.0	0.0	세종 8년 한성 대화재→소헌왕후→박은→원경왕후 국상→조비형→김종서→정흠지	세종 8년 한성 대화재/원경왕후 국상
MH7-054	7hop	0.7142857142857143	0.0	False	0.0	False	1.0	0.0	세종 9년 가뭄→윤회→이명덕→하연→경녕군→원경왕후 국상→박자청	세종 9년 가뭄/원경왕후 국상
MH7-055	7hop	1.0	0.8333333333333334	False	0.0	False	0.0	0.0	성달생→강상인 옥사→이지강→권희달→박실→박초→장윤화	
MH7-056	7hop	0.8571428571428571	0.5	False	0.0	False	0.0	0.0	이발→태종 국상→박자청→허지→하연→홍여방→고약해	태종 국상
MH7-057	7hop	0.8571428571428571	0.6666666666666666	False	0.0	False	0.0	0.0	성석린→김용기→태종 국상→이원→홍여방→고약해→권희달	태종 국상
MH7-059	7hop	0.8571428571428571	0.16666666666666666	False	0.0	False	0.0	0.0	김도련→이원→김점 탐오 사건→박안신→성엄→서선→황희	김점 탐오 사건
MH7-060	7hop	1.0	0.5	False	0.0	False	0.0	0.0	황희→서달→김종서→하연→홍여방→이원→박은	
MH7-061	7hop	0.8571428571428571	0.6666666666666666	False	0.16666666666666666	False	0.0	0.0	세종 4년 대기근→이명덕→고약해→권희달→박관→조서로→곽존중	세종 4년 대기근
MH7-063	7hop	0.8571428571428571	0.8333333333333334	False	0.16666666666666666	False	0.0	0.0	임군례 옥사→이지강→김종서→곽존중→조서로→조말생→정갑손	임군례 옥사
MH7-064	7hop	0.8571428571428571	0.16666666666666666	False	0.0	False	0.0	0.0	김여지→강상인 옥사→유정현→기해동정→이순몽→이명덕→고약해	기해동정
MH7-065	7hop	0.8571428571428571	0.6666666666666666	False	0.0	False	0.0	1.0	세종 9년 가뭄→최사강→박습→강상인→이종무→권희달→박관	세종 9년 가뭄
MH7-066	7hop	1.0	0.8333333333333334	False	0.0	False	0.0	0.0	강상인→이원→조연→연사종→조말생→정갑손→신상	
MH7-067	7hop	0.8571428571428571	0.0	False	0.0	False	0.0	0.0	말 5000필 교역→창성→이맹균→조비형→김종서→하연→경녕군	말 5000필 교역
MH7-068	7hop	1.0	0.6666666666666666	False	0.16666666666666666	False	0.0	0.0	이원생→황보인→하연→원숙→양녕대군→효령대군→정연	
MH7-069	7hop	0.8571428571428571	0.3333333333333333	False	0.0	False	0.0	0.0	박안신→곽승우→한확→세종 9년 공녀 진헌→고약해→이명덕→조말생	세종 9년 공녀 진헌
MH7-070	7hop	0.8571428571428571	0.5	False	0.0	False	0.0	0.0	정종 국상→이원생→안숭선→이명덕→황엄→경녕군→박관	정종 국상
MH7-071	7hop	0.7142857142857143	0.3333333333333333	False	0.0	False	0.0	0.0	김도련 노비 옥사→김익정→경자자→이천→윤봉→이맹균→오승	김도련 노비 옥사/경자자
MH7-072	7hop	0.8571428571428571	0.5	False	0.0	False	0.0	0.0	설순→문종→탁신→권희달→박관→허지→박습	문종
MH7-073	7hop	0.8571428571428571	0.5	False	0.0	False	0.0	0.0	말 1만 필 진헌→태평관→유정현→심온→권진→백언→창성	말 1만 필 진헌
MH7-074	7hop	1.0	0.6666666666666666	False	0.0	False	0.0	0.0	동맹가첩목아→유계문→김한로→원숙→김익정→헌릉→조연	
MH7-075	7hop	1.0	0.6666666666666666	False	0.0	False	0.0	0.0	성석린→장윤화→하연→조서로→곽존중→유정현→태평관	
MH7-076	7hop	1.0	0.6666666666666666	False	0.16666666666666666	False	0.0	0.0	평도전→박은→낙천정→변계량→이명덕→하연→조서로	
MH7-077	7hop	0.8571428571428571	0.3333333333333333	False	0.0	False	0.0	0.0	대장경 목판 요구 사건→박안신→성엄→서선→권희달→이지강→좌위문대랑	대장경 목판 요구 사건
MH7-078	7hop	0.8571428571428571	0.5	False	0.0	False	0.0	0.0	문종 세자 책봉→박은→평도전→성달생→조비형→이맹균→윤봉	문종 세자 책봉
MH7-079	7hop	0.8571428571428571	0.16666666666666666	False	0.0	False	0.0	0.0	정종 국상→이원생→황보인→하연→유영→이지강→김여지	정종 국상
MH7-080	7hop	1.0	0.6666666666666666	False	0.0	False	0.0	0.0	정흠지→김종서→이맹균→유계문→동맹가첩목아→하경복→김점	
MH7-081	7hop	0.7142857142857143	0.16666666666666666	False	0.16666666666666666	False	0.0	0.0	황보인→세종 4년 대기근→이명덕→황희→이직→임군례 옥사→정초	세종 4년 대기근/임군례 옥사
MH7-082	7hop	0.8571428571428571	0.3333333333333333	False	0.3333333333333333	False	0.0	0.0	종정성→평도전→성달생→강상인 옥사→유정현→태종 국상→수강궁	태종 국상
MH7-083	7hop	0.7142857142857143	0.16666666666666666	False	0.16666666666666666	False	0.0	0.0	김용기→태종 국상→효령대군→정연→한확→세종 9년 공녀 진헌→백언	태종 국상/세종 9년 공녀 진헌
MH7-084	7hop	0.8571428571428571	0.16666666666666666	False	0.0	False	0.0	0.0	적휴 도망 사건→서선→황희→이명덕→홍여방→하연→유영	적휴 도망 사건
MH7-085	7hop	0.8571428571428571	0.3333333333333333	False	0.0	False	0.0	0.0	정인지→유정현→기해동정→이원→양녕대군→원경왕후→풍양궁	기해동정
MH7-087	7hop	0.8571428571428571	0.16666666666666666	False	0.16666666666666666	False	0.0	0.0	수강궁→박자청→이원→김점 탐오 사건→윤회→이명덕→황희	김점 탐오 사건
MH7-088	7hop	1.0	0.8333333333333334	False	0.16666666666666666	False	0.0	0.0	태평관→박자청→헌릉→조연→이안경→이명덕→홍여방	
MH7-089	7hop	1.0	0.5	False	0.0	False	0.0	0.0	권희달→이종무→강상인 옥사→유정현→이직→박안신→성엄	
