id	family	gr_ctx	va_ctx	gr_em	va_em	target_unit_has_header
TR-001a	순서	둘 다 없음	둘 다 없음	0.0	0.0	None
TR-001b	순서	둘 다 없음	둘 다 없음	0.0	0.0	None
TR-002a	순서	둘 다 없음	둘 다 없음	0.0	0.0	None
TR-002b	순서	둘 다 없음	둘 다 없음	0.0	0.0	None
TR-003a	순서	둘 다 없음	기준만	0.0	1.0	None
TR-003b	순서	둘 다 없음	기준만	1.0	0.0	None
TR-004a	순서	둘 다	둘 다	0.0	0.0	True
TR-004b	순서	둘 다	둘 다	0.0	0.0	True
TR-005a	순서	둘 다 없음	기준만	0.0	1.0	None
TR-005b	순서	기준만	둘 다	0.0	1.0	None
TR-006a	해	기준만	기준만	0.0	0.0	None
TR-006b	해	기준만	기준만	0.0	0.0	None
TR-007a	순서	둘 다 없음	둘 다	0.0	0.0	None
TR-007b	순서	둘 다 없음	기준만	0.0	0.0	None
TR-008a	순서	기준만	기준만	0.0	0.0	None
TR-008b	순서	기준만	기준만	0.0	1.0	None
TR-009a	순서	둘 다 없음	기준만	0.0	0.0	None
TR-009b	순서	둘 다 없음	기준만	0.0	0.0	None
TR-010a	순서	둘 다 없음	둘 다 없음	0.0	0.0	None
TR-010b	순서	둘 다 없음	둘 다 없음	0.0	0.0	None
TR-011a	순서	둘 다 없음	기준만	0.0	0.0	None
TR-011b	순서	둘 다 없음	둘 다	0.0	1.0	None
TR-012a	해	기준만	둘 다	0.0	0.0	None
TR-012b	해	기준만	기준만	0.0	0.0	None
TR-013a	순서	둘 다 없음	둘 다	0.0	0.0	None
TR-013b	순서	둘 다 없음	기준만	0.0	0.0	None
TR-014a	해	기준만	기준만	0.0	0.0	None
TR-014b	해	기준만	기준만	0.0	0.0	None
TR-015a	순서	둘 다 없음	기준만	0.0	0.0	None
TR-015b	순서	둘 다 없음	기준만	0.0	0.0	None
TR-016a	해	둘 다 없음	기준만	0.0	0.0	None
TR-016b	해	둘 다 없음	기준만	0.0	0.0	None
TR-017a	순서	둘 다 없음	기준만	0.0	0.0	None
TR-017b	순서	둘 다 없음	기준만	0.0	0.0	None
TR-018a	하루	둘 다	둘 다	1.0	1.0	True
TR-018b	하루	둘 다	둘 다	0.0	1.0	True
TR-019a	해	둘 다 없음	둘 다 없음	0.0	0.0	None
TR-019b	해	둘 다 없음	둘 다 없음	0.0	0.0	None
TR-020a	순서	기준만	기준만	0.0	0.0	None
TR-020b	순서	기준만	기준만	0.0	0.0	None
TR-021a	해	둘 다 없음	목표만	0.0	1.0	None
TR-021b	해	둘 다 없음	둘 다 없음	0.0	0.0	None
TR-022a	해	둘 다 없음	기준만	0.0	1.0	None
TR-022b	해	둘 다 없음	기준만	0.0	0.0	None
TR-023a	해	둘 다 없음	둘 다 없음	0.0	0.0	None
TR-023b	해	둘 다 없음	둘 다 없음	0.0	0.0	None
TR-024a	해	둘 다 없음	기준만	1.0	0.0	None
TR-024b	해	둘 다 없음	기준만	1.0	0.0	None
TR-025a	해	둘 다 없음	둘 다 없음	0.0	0.0	None
TR-025b	해	목표만	둘 다 없음	1.0	0.0	True
TR-026a	해	둘 다 없음	기준만	0.0	0.0	None
TR-026b	해	둘 다 없음	기준만	0.0	0.0	None
TR-027a	순서	둘 다 없음	둘 다 없음	0.0	0.0	None
TR-027b	순서	둘 다 없음	기준만	0.0	0.0	None
TR-028a	순서	둘 다 없음	둘 다 없음	0.0	0.0	None
TR-028b	순서	둘 다 없음	둘 다 없음	0.0	0.0	None
TR-029a	순서	둘 다 없음	둘 다 없음	0.0	0.0	None
TR-029b	순서	둘 다 없음	둘 다 없음	0.0	0.0	None
TR-030a	순서	둘 다 없음	기준만	1.0	0.0	None
TR-030b	순서	둘 다 없음	기준만	0.0	0.0	None
TR-031a	순서	둘 다 없음	기준만	0.0	0.0	None
TR-031b	순서	둘 다 없음	기준만	0.0	0.0	None
TR-032a	순서	둘 다 없음	둘 다	1.0	1.0	None
TR-032b	순서	둘 다 없음	둘 다 없음	0.0	0.0	None
TR-033a	순서	둘 다 없음	둘 다 없음	0.0	0.0	None
TR-033b	순서	둘 다 없음	둘 다 없음	0.0	0.0	None
TR-034a	순서	둘 다 없음	둘 다 없음	0.0	0.0	None
TR-034b	순서	둘 다 없음	둘 다 없음	0.0	0.0	None
TR-035a	순서	둘 다 없음	기준만	0.0	0.0	None
TR-035b	순서	둘 다	둘 다	1.0	0.0	True
TR-036a	순서	둘 다 없음	둘 다 없음	0.0	0.0	None
TR-036b	순서	둘 다 없음	둘 다 없음	0.0	0.0	None
TR-037a	순서	기준만	기준만	0.0	0.0	None
TR-037b	순서	기준만	기준만	0.0	0.0	None
TR-038a	해	둘 다 없음	기준만	0.0	0.0	None
TR-038b	해	둘 다 없음	기준만	0.0	0.0	None
TR-039a	해	기준만	기준만	0.0	0.0	None
TR-039b	해	기준만	기준만	0.0	0.0	None
TR-040a	해	기준만	기준만	0.0	0.0	None
TR-040b	해	기준만	기준만	0.0	0.0	None
TR-041a	해	둘 다 없음	기준만	0.0	0.0	None
TR-041b	해	둘 다 없음	기준만	0.0	0.0	None
TR-042a	해	둘 다 없음	목표만	0.0	0.0	None
TR-042b	해	둘 다 없음	둘 다 없음	0.0	0.0	None
TR-043a	해	둘 다 없음	기준만	0.0	1.0	None
TR-043b	해	둘 다 없음	둘 다	1.0	0.0	None
TR-044a	해	둘 다 없음	기준만	0.0	0.0	None
TR-044b	해	둘 다 없음	둘 다	0.0	1.0	None
TR-045a	해	둘 다 없음	기준만	0.0	0.0	None
TR-045b	해	둘 다 없음	둘 다 없음	0.0	0.0	None
TR-046a	해	둘 다 없음	둘 다	0.0	0.0	None
TR-046b	해	둘 다 없음	기준만	0.0	0.0	None
TR-047a	해	둘 다 없음	기준만	0.0	0.0	None
TR-047b	해	둘 다 없음	둘 다	0.0	1.0	None
TR-048a	순서	둘 다 없음	둘 다	0.0	1.0	None
TR-048b	순서	둘 다 없음	기준만	0.0	0.0	None
TR-049a	순서	둘 다 없음	기준만	0.0	0.0	None
TR-049b	순서	둘 다 없음	기준만	0.0	0.0	None
TR-050a	순서	기준만	기준만	1.0	0.0	None
TR-050b	순서	기준만	기준만	0.0	0.0	None
TR-051a	순서	기준만	기준만	0.0	0.0	None
TR-051b	순서	기준만	기준만	0.0	0.0	None
TR-052a	순서	기준만	기준만	0.0	0.0	None
TR-052b	순서	기준만	기준만	1.0	1.0	None
TR-053a	순서	둘 다 없음	기준만	0.0	0.0	None
TR-053b	순서	둘 다 없음	기준만	0.0	0.0	None
TR-054a	달	기준만	기준만	0.0	0.0	None
TR-054b	달	기준만	기준만	0.0	0.0	None
TR-055a	순서	기준만	둘 다	0.0	0.0	None
TR-055b	순서	기준만	기준만	1.0	1.0	None
TR-056a	순서	둘 다	둘 다	1.0	1.0	True
TR-056b	순서	기준만	기준만	0.0	0.0	None
TR-057a	순서	목표만	기준만	0.0	0.0	True
TR-057b	순서	둘 다 없음	둘 다	0.0	0.0	None
TR-058a	순서	둘 다 없음	둘 다	0.0	0.0	None
TR-058b	순서	둘 다 없음	둘 다	0.0	1.0	None
TR-059a	순서	둘 다	둘 다	1.0	1.0	True
TR-059b	순서	목표만	둘 다	0.0	1.0	True
TR-060a	하루	기준만	기준만	0.0	0.0	None
TR-060b	하루	기준만	기준만	0.0	0.0	None
TR-061a	하루	기준만	기준만	0.0	0.0	None
TR-061b	하루	기준만	기준만	0.0	0.0	None
TR-062a	하루	둘 다 없음	둘 다 없음	0.0	0.0	None
TR-062b	하루	목표만	둘 다 없음	0.0	0.0	True
TR-063a	하루	기준만	둘 다 없음	0.0	1.0	None
TR-063b	하루	기준만	둘 다 없음	0.0	0.0	None
TR-064a	하루	둘 다 없음	기준만	0.0	0.0	None
TR-064b	하루	둘 다 없음	기준만	0.0	0.0	None
TR-065a	하루	둘 다 없음	기준만	0.0	0.0	None
TR-065b	하루	둘 다 없음	기준만	0.0	0.0	None
TR-066a	하루	둘 다 없음	둘 다 없음	0.0	0.0	None
TR-066b	하루	둘 다 없음	둘 다 없음	0.0	0.0	None
TR-067a	하루	기준만	기준만	0.0	0.0	None
TR-067b	하루	기준만	기준만	0.0	0.0	None
TR-068a	하루	둘 다 없음	기준만	0.0	0.0	None
TR-068b	하루	둘 다 없음	기준만	0.0	0.0	None
TR-069a	하루	기준만	기준만	0.0	0.0	None
TR-069b	하루	기준만	기준만	0.0	0.0	None
TR-070a	하루	목표만	기준만	0.0	0.0	True
TR-070b	하루	목표만	기준만	1.0	0.0	True
TR-071a	하루	둘 다 없음	둘 다 없음	0.0	0.0	None
TR-071b	하루	둘 다 없음	기준만	0.0	0.0	None
TR-072a	하루	둘 다 없음	기준만	0.0	0.0	None
TR-072b	하루	둘 다 없음	기준만	0.0	0.0	None
TR-073a	하루	기준만	기준만	0.0	0.0	None
TR-073b	하루	기준만	둘 다	0.0	1.0	None
TR-074a	하루	둘 다 없음	기준만	0.0	0.0	None
TR-074b	하루	목표만	둘 다	0.0	0.0	True
TR-075a	하루	기준만	기준만	0.0	0.0	None
TR-075b	하루	기준만	기준만	0.0	0.0	None
TR-076a	하루	둘 다 없음	기준만	0.0	0.0	None
TR-076b	하루	둘 다 없음	기준만	0.0	0.0	None
TR-077a	하루	둘 다 없음	기준만	0.0	0.0	None
TR-077b	하루	둘 다 없음	기준만	0.0	0.0	None
TR-078a	하루	기준만	둘 다	0.0	1.0	None
TR-078b	하루	기준만	기준만	0.0	1.0	None
TR-079a	하루	목표만	기준만	0.0	0.0	True
TR-079b	하루	둘 다 없음	기준만	0.0	0.0	None
TR-080a	달	둘 다 없음	기준만	0.0	0.0	None
TR-080b	달	둘 다 없음	기준만	0.0	0.0	None
TR-081a	달	둘 다 없음	기준만	0.0	0.0	None
TR-081b	달	둘 다 없음	기준만	0.0	0.0	None
TR-082a	달	기준만	기준만	0.0	0.0	None
TR-082b	달	기준만	기준만	0.0	0.0	None
TR-083a	달	둘 다 없음	기준만	0.0	0.0	None
TR-083b	달	둘 다 없음	기준만	0.0	0.0	None
TR-084a	달	둘 다 없음	기준만	0.0	0.0	None
TR-084b	달	둘 다 없음	기준만	0.0	0.0	None
TR-085a	달	둘 다 없음	기준만	0.0	0.0	None
TR-085b	달	둘 다 없음	기준만	1.0	1.0	None
TR-086a	달	둘 다 없음	기준만	0.0	0.0	None
TR-086b	달	둘 다 없음	기준만	0.0	0.0	None
TR-087a	달	둘 다 없음	기준만	0.0	0.0	None
TR-087b	달	둘 다 없음	기준만	0.0	0.0	None
TR-088a	달	둘 다 없음	기준만	0.0	0.0	None
TR-088b	달	둘 다 없음	기준만	0.0	0.0	None
TR-089a	달	둘 다 없음	둘 다	0.0	1.0	None
TR-089b	달	둘 다 없음	기준만	0.0	0.0	None
TR-090a	달	둘 다 없음	기준만	0.0	0.0	None
TR-090b	달	둘 다 없음	기준만	0.0	0.0	None
TR-091a	달	기준만	둘 다 없음	0.0	0.0	None
TR-091b	달	둘 다 없음	둘 다 없음	0.0	0.0	None
TR-092a	달	둘 다 없음	기준만	0.0	0.0	None
TR-092b	달	둘 다	둘 다	0.0	0.0	True
TR-093a	달	둘 다 없음	기준만	0.0	0.0	None
TR-093b	달	둘 다 없음	기준만	0.0	0.0	None
TR-094a	달	기준만	기준만	0.0	0.0	None
TR-094b	달	기준만	기준만	0.0	0.0	None
TR-095a	달	기준만	둘 다	0.0	0.0	None
TR-095b	달	기준만	기준만	0.0	0.0	None
TR-096a	달	기준만	기준만	0.0	0.0	None
TR-096b	달	기준만	기준만	0.0	0.0	None
TR-097a	달	둘 다 없음	기준만	0.0	0.0	None
TR-097b	달	둘 다 없음	기준만	1.0	0.0	None
TR-098a	하루	둘 다 없음	둘 다	0.0	0.0	None
TR-098b	하루	둘 다 없음	기준만	0.0	0.0	None
TR-099a	하루	기준만	둘 다	0.0	1.0	None
TR-099b	하루	기준만	기준만	0.0	0.0	None
TR-100a	하루	둘 다 없음	기준만	0.0	0.0	None
TR-100b	하루	둘 다 없음	기준만	0.0	0.0	None
TR-101a	하루	둘 다 없음	기준만	0.0	0.0	None
TR-101b	하루	둘 다 없음	기준만	0.0	0.0	None
TR-102a	하루	목표만	둘 다 없음	0.0	0.0	True
TR-102b	하루	둘 다 없음	둘 다 없음	0.0	0.0	None
TR-103a	해	둘 다 없음	둘 다	0.0	1.0	None
TR-103b	해	둘 다 없음	기준만	0.0	0.0	None
TR-104a	해	둘 다 없음	둘 다 없음	0.0	0.0	None
TR-104b	해	둘 다 없음	둘 다 없음	0.0	0.0	None
TR-105a	해	둘 다 없음	둘 다 없음	0.0	0.0	None
TR-105b	해	둘 다 없음	둘 다 없음	0.0	0.0	None
TR-106a	해	둘 다 없음	둘 다 없음	0.0	0.0	None
TR-106b	해	둘 다 없음	둘 다 없음	0.0	0.0	None
TR-107a	해	둘 다 없음	둘 다 없음	0.0	0.0	None
TR-107b	해	둘 다 없음	둘 다 없음	0.0	0.0	None
TR-108a	해	둘 다 없음	목표만	0.0	1.0	None
TR-108b	해	둘 다 없음	둘 다 없음	1.0	1.0	None
TR-109a	해	둘 다 없음	기준만	0.0	0.0	None
TR-109b	해	둘 다 없음	기준만	0.0	0.0	None
TR-110a	달	둘 다	기준만	0.0	0.0	True
TR-110b	달	기준만	기준만	0.0	0.0	None
TR-111a	달	둘 다 없음	둘 다 없음	0.0	0.0	None
TR-111b	달	둘 다 없음	둘 다 없음	0.0	0.0	None
TR-112a	달	기준만	둘 다	0.0	1.0	None
TR-112b	달	둘 다	기준만	0.0	0.0	True
TR-113a	달	둘 다 없음	둘 다	0.0	0.0	None
TR-113b	달	둘 다 없음	기준만	0.0	0.0	None
TR-114a	달	둘 다	둘 다	0.0	0.0	True
TR-114b	달	둘 다	둘 다	1.0	1.0	True
TR-115a	달	기준만	기준만	0.0	0.0	None
TR-115b	달	기준만	기준만	0.0	0.0	None
TR-116a	달	목표만	둘 다	0.0	0.0	True
TR-116b	달	목표만	둘 다	0.0	0.0	True
TR-117a	달	둘 다 없음	기준만	0.0	0.0	None
TR-117b	달	둘 다 없음	기준만	0.0	0.0	None
TR-118a	달	기준만	기준만	0.0	0.0	None
TR-118b	달	둘 다 없음	둘 다	0.0	1.0	None
TR-119a	해	둘 다 없음	둘 다	0.0	0.0	None
TR-119b	해	둘 다	둘 다	0.0	0.0	True
TR-120a	해	둘 다	둘 다	1.0	1.0	True
TR-120b	해	기준만	둘 다	0.0	0.0	None
TR-121a	해	기준만	기준만	0.0	0.0	None
TR-121b	해	둘 다 없음	기준만	0.0	0.0	None
TR-122a	해	둘 다 없음	기준만	0.0	0.0	None
TR-122b	해	둘 다 없음	기준만	0.0	0.0	None
TR-123a	해	둘 다 없음	기준만	0.0	0.0	None
TR-123b	해	둘 다 없음	기준만	0.0	0.0	None
TR-124a	해	기준만	기준만	0.0	0.0	None
TR-124b	해	기준만	둘 다	0.0	1.0	None
TR-125a	해	둘 다 없음	목표만	0.0	0.0	None
TR-125b	해	둘 다 없음	목표만	0.0	1.0	None
TR-126a	해	둘 다 없음	둘 다 없음	0.0	1.0	None
TR-126b	해	둘 다 없음	둘 다 없음	0.0	0.0	None
TR-127a	해	둘 다 없음	둘 다 없음	0.0	0.0	None
TR-127b	해	둘 다 없음	둘 다 없음	0.0	0.0	None
TR-128a	해	둘 다 없음	기준만	0.0	0.0	None
TR-128b	해	둘 다 없음	둘 다 없음	0.0	0.0	None
TR-129a	해	둘 다 없음	기준만	0.0	0.0	None
TR-129b	해	둘 다 없음	기준만	0.0	0.0	None
TR-130a	해	기준만	목표만	0.0	1.0	None
TR-130b	해	목표만	둘 다 없음	1.0	1.0	True
TR-131a	해	둘 다 없음	둘 다	0.0	1.0	None
TR-131b	해	둘 다 없음	둘 다	1.0	1.0	None
TR-132a	하루	둘 다 없음	둘 다 없음	0.0	0.0	None
TR-132b	하루	둘 다 없음	둘 다 없음	0.0	0.0	None
TR-133a	달	목표만	둘 다	0.0	1.0	True
TR-133b	달	둘 다 없음	기준만	0.0	0.0	None
TR-134a	달	둘 다 없음	기준만	0.0	0.0	None
TR-134b	달	둘 다 없음	기준만	1.0	0.0	None
TR-135a	하루	둘 다 없음	기준만	0.0	0.0	None
TR-135b	하루	둘 다 없음	기준만	0.0	0.0	None
TR-136a	하루	기준만	기준만	0.0	0.0	None
TR-136b	하루	기준만	둘 다	0.0	1.0	None
TR-137a	달	기준만	기준만	0.0	0.0	None
TR-137b	달	기준만	기준만	0.0	0.0	None
TR-138a	달	목표만	둘 다	0.0	0.0	True
TR-138b	달	둘 다 없음	기준만	0.0	0.0	None
TR-139a	달	목표만	둘 다	1.0	0.0	True
TR-139b	달	목표만	둘 다	0.0	1.0	True
TR-140a	달	둘 다 없음	기준만	0.0	0.0	None
TR-140b	달	둘 다 없음	둘 다 없음	0.0	0.0	None
TR-141a	하루	둘 다 없음	둘 다	0.0	1.0	None
TR-141b	하루	목표만	기준만	0.0	0.0	True
TR-142a	하루	둘 다 없음	둘 다 없음	0.0	0.0	None
TR-142b	하루	목표만	목표만	0.0	0.0	True
TR-143a	달	둘 다	둘 다	1.0	0.0	True
TR-143b	달	기준만	기준만	1.0	1.0	None
TR-144a	달	둘 다 없음	둘 다 없음	0.0	0.0	None
TR-144b	달	목표만	목표만	0.0	0.0	True
TR-145a	해	둘 다 없음	둘 다	0.0	1.0	None
TR-145b	해	기준만	둘 다	0.0	1.0	None
TR-146a	달	둘 다 없음	기준만	0.0	0.0	None
TR-146b	달	둘 다 없음	기준만	0.0	0.0	None
TR-147a	해	둘 다 없음	기준만	0.0	0.0	None
TR-147b	해	목표만	둘 다	0.0	1.0	True
TR-148a	해	기준만	기준만	0.0	0.0	None
TR-148b	해	기준만	기준만	0.0	0.0	None
TR-149a	해	기준만	기준만	0.0	0.0	None
TR-149b	해	기준만	기준만	0.0	0.0	None
TR-150a	달	둘 다 없음	기준만	0.0	0.0	None
TR-150b	달	둘 다 없음	둘 다	0.0	1.0	None
