id	answer_string_in_retrieved_chunks
PJ-001a	False
PJ-001b	False
PJ-011a	False
PJ-035b	False
PJ-049b	False
PJ-053a	False
PJ-071a	True
PJ-075b	False
PJ-082a	False
PJ-082b	False
PJ-084a	True
PJ-086a	True
PJ-087a	True
PJ-092a	False
PJ-092b	False
PJ-096b	False
PJ-097b	False
PJ-108b	True
PJ-110a	True
PJ-115b	True
PJ-116b	True
PJ-119b	True
PJ-125b	True
PJ-129a	True
PJ-129b	False
PJ-138b	False
PJ-140b	True
PJ-150a	True
PJ-150b	True
TR-004a	True
TR-004b	True
TR-007a	True
TR-012a	True
TR-013a	True
TR-035b	True
TR-043b	False
TR-046a	True
TR-055a	True
TR-057b	True
TR-058a	True
TR-074b	True
TR-092b	True
TR-095a	True
TR-098a	True
TR-113a	True
TR-114a	True
TR-116a	True
TR-116b	True
TR-119a	True
TR-119b	True
TR-120b	True
TR-138a	True
TR-139a	True
TR-143a	True
MH2-001	True
MH2-005	False
MH2-006	True
MH2-007	False
MH2-015	True
MH2-044	True
MH2-058	True
MH2-061	True
MH2-079	True
MH2-092	True
MH2-096	True
MH2-098	False
MH3-009	True
MH3-010	True
MH3-027	True
MH3-045	False
MH3-054	True
MH3-092	True
MH3-099	True
